,NOME_EOL,INIC_OPER,POT_MW,QTD_AERO,AREA_M2,EOL_VERSAO,CRIADOR,DATA_CRIAC,ATUALIZADO,DATA_ATUAL,VERSAO_ATU,ESTAGIO_GE,ESTAGIO,SHAPE_STAr,SHAPE_STLe,NM_ESTADO,NM_REGIAO,CD_GEOCUF,geometry,comm_year,wp_id
0,Malhadinha I,2016-10-20,23.1,11,14145561.6792,846,SGI_EDITOR_5,2018-12-19,SGI_EDITOR_5,2018-12-19,1,3,OperaÃ§Ã£o,0.00115119764877,0.140043291635,CEARÃ,NORDESTE,23,"POLYGON Z ((-41.10631164700001 -3.963262207999946 0, -41.14756195299998 -3.986842897999963 0, -41.15483014099997 -3.970639083999956 0, -41.1538342379999 -3.959400903999942 0, -41.11650100399993 -3.942976583999986 0, -41.10631164700001 -3.963262207999946 0))",2016,1
1,Bons Ventos Cacimbas 2,2018-06-16,23.1,11,918174.0,1277,SGI_EDITOR_5,2018-12-19,SGI_EDITOR_5,2018-12-19,1,3,OperaÃ§Ã£o,7.51519440882e-05,0.0596113559836,CEARÃ,NORDESTE,23,"POLYGON Z ((-41.03842446899993 -3.880726328000016 0, -41.03928018499994 -3.887330430999945 0, -41.04182253899997 -3.907074017999911 0, -41.0447081799999 -3.907581549999982 0, -41.04201402900001 -3.886744367999945 0, -41.04117733499997 -3.880460608999968 0, -41.03842446899993 -3.880726328000016 0))",2018,2
2,Bons Ventos Cacimbas 5,2018-05-18,21.0,10,1152230.0,1278,SGI_EDITOR_5,2018-12-19,SGI_EDITOR_5,2018-12-19,1,3,OperaÃ§Ã£o,9.6896594755e-05,0.112242596129,CEARÃ,NORDESTE,23,"POLYGON Z ((-41.014466952 -3.956082748999933 0, -41.01923237899994 -3.945146215999912 0, -41.01950432699997 -3.944558846999897 0, -41.02314457799999 -3.936974704999969 0, -41.02321186399995 -3.936879091999963 0, -41.02539752599996 -3.932138130999917 0, -41.02712027899995 -3.928431272999987 0, -41.03660746099995 -3.906078199999939 0, -41.03485248899997 -3.906598846999941 0, -41.02356505899996 -3.931318525999956 0, -41.02320708699992 -3.932087633000002 0, -41.02123631699993 -3.936394316999909 0, -41.02119781699994 -3.936473866000007 0, -41.01785395999993 -3.944331833999946 0, -41.01260567600001 -3.955559098999949 0, -41.014466952 -3.956082748999933 0))",2018,3
3,Bons Ventos Cacimbas 3,2018-05-10,14.7,7,456331.0,308,SGI_EDITOR_5,2018-12-19,SGI_EDITOR_5,2018-12-19,1,3,OperaÃ§Ã£o,3.71385098248e-05,0.0497422132264,CEARÃ,NORDESTE,23,"POLYGON Z ((-41.02043620899998 -3.871254054999916 0, -41.02086220199997 -3.876303127999968 0, -41.02266603499992 -3.875794753000001 0, -41.02193333099995 -3.870635013999944 0, -41.02183067199999 -3.870541799999955 0, -41.02128791699993 -3.866484122999957 0, -41.01921215999995 -3.853625357999967 0, -41.01772135999997 -3.852820973999933 0, -41.01900555699991 -3.863133427000009 0, -41.02040279199997 -3.871100749999933 0, -41.02043620899998 -3.871254054999916 0))",2018,4
4,Bons Ventos Cacimbas 4,2018-05-18,10.5,5,22286300.0,309,SGI_EDITOR_5,2018-12-19,SGI_EDITOR_5,2018-12-19,1,3,OperaÃ§Ã£o,0.00018880257727,0.115849090302,CEARÃ,NORDESTE,23,"POLYGON Z ((-41.014466952 -3.956082748999933 0, -41.01671905599991 -3.956707968999972 0, -41.01829104199994 -3.957152325999964 0, -41.023373442 -3.945515759999935 0, -41.02703296899993 -3.937173144999961 0, -41.027084316 -3.937083104999971 0, -41.030798408 -3.928966741999972 0, -41.03904269099992 -3.906579643999947 0, -41.03660746099995 -3.906078199999939 0, -41.02712027899995 -3.928431272999987 0, -41.02539752599996 -3.932138130999917 0, -41.02321186399995 -3.936879091999963 0, -41.02314457799999 -3.936974704999969 0, -41.01950432699997 -3.944558846999897 0, -41.01923237899994 -3.945146215999912 0, -41.014466952 -3.956082748999933 0))",2018,5
5,Bons Ventos Cacimbas 7,2018-06-16,16.8,8,927275.0,311,SGI_EDITOR_5,2018-12-19,SGI_EDITOR_5,2018-12-19,1,3,OperaÃ§Ã£o,7.55592792387e-05,0.0593033546742,CEARÃ,NORDESTE,23,"POLYGON Z ((-41.03842446899993 -3.880726328000016 0, -41.04117733499997 -3.880460608999968 0, -41.04066436699998 -3.876607974999963 0, -41.04065651499995 -3.876512636999984 0, -41.04035702599995 -3.874012282999956 0, -41.04029358699994 -3.873724700999964 0, -41.03875920699991 -3.86099576699997 0, -41.03875897899998 -3.860900120999965 0, -41.03788113699991 -3.854101158999988 0, -41.03495768099997 -3.853910725999953 0, -41.03617850399999 -3.863483289999998 0, -41.03620888899993 -3.863572634000022 0, -41.03741158799996 -3.873010681999951 0, -41.03745124699996 -3.873284596999966 0, -41.03799588599999 -3.877372241999965 0, -41.0380033449999 -3.877476242999954 0, -41.03842446899993 -3.880726328000016 0))",2018,6
6,SÃ£o Jorge,2014-11-11,24.0,12,1728105.84939,773,SGI_EDITOR_5,2018-12-19,SGI_EDITOR_5,2018-12-19,1,3,OperaÃ§Ã£o,0.000140722465794,0.0800430987163,CEARÃ,NORDESTE,23,"POLYGON Z ((-39.24636673498217 -3.251233979195185 0, -39.24991588299996 -3.251559241999963 0, -39.25405833999996 -3.25134294699992 0, -39.25406500499997 -3.251343036999927 0, -39.2540672659999 -3.251354799999923 0, -39.26139872599997 -3.250974399999983 0, -39.25762442799996 -3.238059029999924 0, -39.25748694199996 -3.238352803999895 0, -39.25738380399995 -3.238473780999961 0, -39.25693681799991 -3.238802190999955 0, -39.25628344899994 -3.238957865999957 0, -39.25640387499996 -3.239199736999986 0, -39.25618034899994 -3.239234350999915 0, -39.25645562899998 -3.23987359399996 0, -39.25593432399992 -3.240104543999977 0, -39.25648614899993 -3.241253602000015 0, -39.25512363599999 -3.241685915999902 0, -39.25505065099999 -3.241734836999953 0, -39.25544831099995 -3.242647574999979 0, -39.25551323099999 -3.242777963000016 0, -39.25271270499999 -3.244253108999949 0, -39.24760476899996 -3.243591031999969 0, -39.24605484299997 -3.243790243999932 0, -39.24631073099992 -3.245057736999996 0, -39.24565950499994 -3.245447276999897 0, -39.24521038999991 -3.244552360999926 0, -39.24439422199997 -3.244734821999927 0, -39.24208585199993 -3.245174467999973 0, -39.24091077599996 -3.245781079999987 0, -39.24090253599999 -3.245797650999933 0, -39.24011937599994 -3.246112656999976 0, -39.24002038500001 -3.245872424999995 0, -39.23875081499995 -3.246270390999968 0, -39.23840422799996 -3.244928353999953 0, -39.23672735999995 -3.24540092499997 0, -39.236405807 -3.245334724000003 0, -39.234188145 -3.245882030999987 0, -39.23431754299995 -3.24738966799994 0, -39.23755755999998 -3.246949819999962 0, -39.23778030599994 -3.247554549999997 0, -39.24076861899992 -3.246974670999975 0, -39.24270607999991 -3.246916211999938 0, -39.2456310059999 -3.246226731 0, -39.24636673498217 -3.251233979195185 0))",2014,7
7,SÃ£o CristÃ³vÃ£o,2014-11-11,26.0,13,2723238.56996,774,SGI_EDITOR_5,2018-12-19,SGI_EDITOR_5,2018-12-19,1,3,OperaÃ§Ã£o,0.000221759850945,0.0739289674769,CEARÃ,NORDESTE,23,"POLYGON Z ((-39.24991588299996 -3.251559241999963 0, -39.24636673498217 -3.251233979195185 0, -39.24633520699999 -3.251231089999991 0, -39.241637855 -3.252589581999949 0, -39.24054490699998 -3.255778785999951 0, -39.23737196399999 -3.256362826999954 0, -39.23750213999993 -3.257797961999948 0, -39.23899139399996 -3.25745992199996 0, -39.23925321599995 -3.259850854999989 0, -39.241017459 -3.259643215999951 0, -39.24198954399996 -3.266619884999976 0, -39.247295031 -3.265078270999965 0, -39.26533582899994 -3.261069346999911 0, -39.25706081199996 -3.255370644999929 0, -39.24981897099993 -3.254899499999937 0, -39.24991588299996 -3.251559241999963 0))",2014,8
8,TaÃ­ba Andorinha,2014-06-19,14.7,7,385659.97,218,SGI_EDITOR_5,2018-12-19,SGI_EDITOR_5,2018-12-19,1,3,OperaÃ§Ã£o,3.14140369824e-05,0.0381284541483,CEARÃ,NORDESTE,23,"POLYGON Z ((-38.89792738299993 -3.520229107999945 0, -38.89796856399997 -3.528747061999958 0, -38.89913646899996 -3.528668554999946 0, -38.89992161199991 -3.528629550999917 0, -38.89969178499999 -3.51862466599998 0, -38.89965692399995 -3.511198092999941 0, -38.89787046299993 -3.511947152999923 0, -38.89785532299992 -3.51298645699994 0, -38.89792738299993 -3.520229107999945 0))",2014,9
9,EÃ³lica de TaÃ­ba,2008-12-09,5.0,10,1126399.65639,19,SGI_EDITOR_5,2018-12-19,SGI_EDITOR_5,2018-12-19,1,3,OperaÃ§Ã£o,9.174952406e-05,0.0666553510954,CEARÃ,NORDESTE,23,"POLYGON Z ((-38.93308974899996 -3.49082367599992 0, -38.93356922299994 -3.493762042999947 0, -38.9343503269999 -3.496882687999957 0, -38.93467182199995 -3.499065951999945 0, -38.93510354599997 -3.499050248999979 0, -38.93537943499997 -3.499085406999953 0, -38.93636065999997 -3.499260152999938 0, -38.93613725799996 -3.500607674999962 0, -38.93489590599992 -3.500398296999961 0, -38.9331137089999 -3.500718767999921 0, -38.93139246499995 -3.501122361999919 0, -38.93142619499999 -3.501349191999942 0, -38.93296155300001 -3.511868317999884 0, -38.93709229499994 -3.511376553999966 0, -38.93609013899997 -3.502259030999909 0, -38.938126879 -3.501031206999926 0, -38.93825756599998 -3.501139064999968 0, -38.93804604999998 -3.501517240999902 0, -38.938994177 -3.501299272999987 0, -38.93933921299995 -3.500563485999947 0, -38.93959092399999 -3.500074367999979 0, -38.93967733799995 -3.499707655999927 0, -38.93972229399994 -3.498308156999947 0, -38.94021226099998 -3.495382386999985 0, -38.93957977099996 -3.495091286999973 0, -38.93941770599996 -3.495629752999939 0, -38.93816705499995 -3.495905313999998 0, -38.93795812399998 -3.494610088999949 0, -38.93662841099992 -3.494853644999935 0, -38.93663986599998 -3.494145258999943 0, -38.93800715199995 -3.493845227999898 0, -38.93792469399997 -3.492611078999929 0, -38.93758391599993 -3.492753246999968 0, -38.93723709999993 -3.49308151299995 0, -38.9364478539999 -3.492678515000001 0, -38.93680780700002 -3.491984536999958 0, -38.93630804699997 -3.491743817999932 0, -38.93620674899994 -3.491761461999971 0, -38.93509432 -3.491935566999899 0, -38.93484449299994 -3.490496740999959 0, -38.93308974899996 -3.49082367599992 0))",2008,10
10,Canoa Quebrada,2008-12-06,10.5,28,499135.70559,15,SGI_EDITOR_5,2018-12-19,SGI_EDITOR_5,2018-12-19,1,3,OperaÃ§Ã£o,4.06858625723e-05,0.0278289662596,CEARÃ,NORDESTE,23,"POLYGON Z ((-37.69835298399993 -4.540515543999952 0, -37.70344278699998 -4.540518235999997 0, -37.70296514899998 -4.53547049499997 0, -37.69973776999993 -4.535168712999955 0, -37.69980986899995 -4.534392200999925 0, -37.69363421299994 -4.534734445999995 0, -37.69835298399993 -4.540515543999952 0))",2008,11
11,Beberibe,2008-09-11,25.6,32,676374.09,34,SGI_EDITOR_5,2018-12-19,SGI_EDITOR_5,2018-12-19,1,3,OperaÃ§Ã£o,5.51223194236e-05,0.0954641250794,CEARÃ,NORDESTE,23,"POLYGON Z ((-38.08524029099993 -4.181572211999935 0, -38.08318992599993 -4.184385553000013 0, -38.08153808199994 -4.18665205299996 0, -38.08141768300002 -4.188450724999925 0, -38.08024596999997 -4.190272169999993 0, -38.07858909299993 -4.190293795999921 0, -38.07341884699998 -4.19690265899989 0, -38.07324606399989 -4.196957458999982 0, -38.07297516299995 -4.196731240000005 0, -38.07161900999991 -4.198212446999904 0, -38.07112391699999 -4.199915703999963 0, -38.07054872899991 -4.201894498999913 0, -38.06747928699996 -4.207858088999956 0, -38.065558188 -4.20844854099996 0, -38.06591919999993 -4.209632528999961 0, -38.06851563899991 -4.208622804999905 0, -38.07120389999994 -4.20339980699994 0, -38.071702576 -4.202430921999976 0, -38.07220801699998 -4.20289079599992 0, -38.072987541 -4.202307655999989 0, -38.07294215199997 -4.198275881000001 0, -38.07708132699997 -4.199500922999931 0, -38.07716269499995 -4.199207868999927 0, -38.07718512399994 -4.199127088999909 0, -38.07731914999992 -4.198644382999937 0, -38.07674543399997 -4.19847207199998 0, -38.07670431199995 -4.198619826999945 0, -38.07404687299989 -4.197848403999977 0, -38.07522412899996 -4.196330092999943 0, -38.07882386699999 -4.191687445999946 0, -38.081092101 -4.191237456999929 0, -38.08286876599991 -4.188545389999938 0, -38.08236344299993 -4.188216454999989 0, -38.08269847799995 -4.186874527999983 0, -38.08416435399991 -4.184977291999942 0, -38.08555117999999 -4.183182353999932 0, -38.08740327499994 -4.186760232999937 0, -38.08838713699998 -4.186286234999976 0, -38.0871334199999 -4.183682346999916 0, -38.08846547599998 -4.184297907999955 0, -38.08896943900002 -4.18335547999996 0, -38.08524029099993 -4.181572211999935 0))",2008,12
12,Boca do CÃ³rrego,2014-08-30,24.3,9,1769443.65315,197,SGI_EDITOR_5,2018-12-19,SGI_EDITOR_5,2018-12-19,1,3,OperaÃ§Ã£o,0.000144051800696,0.0542151522509,CEARÃ,NORDESTE,23,"POLYGON Z ((-39.6549684999999 -3.093218728999979 -397, -39.65593723899994 -3.096194215999965 -397, -39.65549383599993 -3.096592372999957 -397, -39.655975557 -3.099505899999976 -397, -39.65602523599994 -3.099759686000013 -397, -39.656314725 -3.100520818999925 -397, -39.65689300599998 -3.101219568000012 -397, -39.65942301899997 -3.103143103000001 -397, -39.660931644 -3.100958399999982 -397, -39.66470454399997 -3.103487744999917 -397, -39.66998070899999 -3.098508479999957 -397, -39.6724536203897 -3.09830633812232 -397, -39.67289547300002 -3.098270219999961 -397, -39.67289523757527 -3.098267992779775 -397, -39.67240225299997 -3.093604144999979 -397, -39.66897632199993 -3.09447550799996 -397, -39.66838698099993 -3.09130840800001 -397, -39.6549684999999 -3.093218728999979 -397))",2014,13
13,Bons Ventos,2010-02-11,50.0,24,5065857.33869,2,SGI_EDITOR_5,2018-12-19,SGI_EDITOR_5,2018-12-19,1,3,OperaÃ§Ã£o,0.000412900206399,0.0989317721694,CEARÃ,NORDESTE,23,"POLYGON Z ((-37.76247385436598 -4.459963216190872 0, -37.77465139199998 -4.463454745999968 0, -37.76374351503396 -4.432537217551534 0, -37.75192522599988 -4.443824832999908 0, -37.74925742133258 -4.452654974197785 0, -37.7641465899999 -4.454713502999958 0, -37.76414172059768 -4.454728781439009 0, -37.76247348399993 -4.459963109999904 0, -37.76247385436598 -4.459963216190872 0))",2010,14
14,Buriti,2014-04-03,30.0,20,3593913.620303,202,SGI_EDITOR_5,2018-12-19,SGI_EDITOR_5,2018-12-19,1,3,OperaÃ§Ã£o,0.00029248290469,0.107716939547,CEARÃ,NORDESTE,23,"POLYGON Z ((-39.98183519899994 -2.873076946999952 0, -39.98224983499996 -2.877318566999982 0, -39.97888860195118 -2.877629742065167 0, -39.97724961099996 -2.877781475999917 0, -39.97745048083166 -2.87964044889118 0, -39.97983890799997 -2.901744421999936 0, -39.97888592677386 -2.901870579566996 0, -39.97535468130494 -2.902338052928172 0, -39.97493011399997 -2.902394257999973 0, -39.97581510699992 -2.911867983999926 0, -39.98235846799998 -2.908986541999987 0, -39.98212133799999 -2.905113316999973 0, -39.98813945399993 -2.90317133099996 0, -39.98533601199996 -2.879283192999914 0, -39.98984699099999 -2.878298750999903 0, -39.98959096299995 -2.875152257999979 0, -39.98457970600001 -2.87633771299992 0, -39.98386726599994 -2.872914682999934 0, -39.98183519899994 -2.873076946999952 0))",2014,15
15,Foz do Rio ChorÃ³,2009-01-30,25.2,12,1719575.33,25,SGI_EDITOR_5,2018-12-19,SGI_EDITOR_5,2018-12-19,1,3,OperaÃ§Ã£o,0.000140132722663,0.0500110436781,CEARÃ,NORDESTE,23,"POLYGON Z ((-38.15235237999993 -4.116929324999973 0, -38.14750915899994 -4.12183393899997 0, -38.14567543799992 -4.121530996999951 0, -38.14434326000001 -4.124047779999913 0, -38.15683612600001 -4.127805889999912 0, -38.15693317999995 -4.127618120999919 0, -38.15796309099991 -4.127305634999999 0, -38.15912257299992 -4.126163220999977 0, -38.16059587999996 -4.124958990999993 0, -38.16111497000001 -4.124236556999989 0, -38.16030451899992 -4.120314499999928 0, -38.16048655999997 -4.117917574999936 0, -38.16025336999996 -4.116784905999921 0, -38.15976697499995 -4.115658782999915 0, -38.1591673789999 -4.114480647999962 0, -38.15849440699999 -4.113418574000015 0, -38.15752748899992 -4.112572918999945 0, -38.156874612 -4.112481076999892 0, -38.15235237999993 -4.116929324999973 0))",2009,16
16,TrairÃ­,2013-11-22,25.3,11,376786.947952,138,SGI_EDITOR_5,2018-12-19,SGI_EDITOR_5,2018-12-19,1,3,OperaÃ§Ã£o,3.06816654856e-05,0.0528419333365,CEARÃ,NORDESTE,23,"POLYGON Z ((-39.29465945499995 -3.239611700999966 0, -39.29578334099995 -3.243079183999981 0, -39.29640046399994 -3.242544961999926 0, -39.2967564479999 -3.242097250000008 0, -39.29576737099996 -3.23898095899991 0, -39.2944141249999 -3.234590328999985 0, -39.28935071599991 -3.218554411999925 0, -39.28804018100001 -3.218864036999967 0, -39.29326298599996 -3.234673976999979 0, -39.29464876599995 -3.23956276099991 0, -39.29465945499995 -3.239611700999966 0))",2013,17
17,Quixaba,2012-10-25,25.5,17,897995.81007,81,SGI_EDITOR_5,2018-12-19,SGI_EDITOR_5,2018-12-19,1,3,OperaÃ§Ã£o,7.32005442359e-05,0.0581178997109,CEARÃ,NORDESTE,23,"POLYGON Z ((-37.68253069399996 -4.583025581999976 0, -37.68524334999996 -4.583141461999972 0, -37.69223265499997 -4.557862642999965 0, -37.68922144199995 -4.557734064999984 0, -37.68253069399996 -4.583025581999976 0))",2012,18
18,FaÃ­sa II,2014-07-31,27.3,13,5469094.66256,549,SGI_EDITOR_5,2018-12-19,SGI_EDITOR_5,2018-12-19,1,3,OperaÃ§Ã£o,0.000445392447446,0.124922217434,CEARÃ,NORDESTE,23,"POLYGON Z ((-39.24104435999991 -3.348256215999911 0, -39.26030586099996 -3.345588631999902 0, -39.25658312699996 -3.329224673999974 0, -39.25428670499993 -3.318347829999922 0, -39.25278198499996 -3.318692908999964 0, -39.25091027699999 -3.309651244999962 0, -39.23696402999999 -3.313821026999918 0, -39.24000182099999 -3.326146208999902 0, -39.2413941409999 -3.325833485999958 0, -39.24768821199994 -3.327173035999949 0, -39.25116319599995 -3.342320360999935 0, -39.23997230199994 -3.343477693999951 0, -39.24104435999991 -3.348256215999911 0))",2014,19
19,FaÃ­sa V,2014-10-30,29.4,14,12172787.1514,553,SGI_EDITOR_5,2018-12-19,SGI_EDITOR_5,2018-12-19,1,3,OperaÃ§Ã£o,0.000991360160299,0.1329458158,CEARÃ,NORDESTE,23,"POLYGON Z ((-39.24104435999991 -3.348256215999911 0, -39.24925028199995 -3.384226831999932 0, -39.2549873469999 -3.382885215999949 0, -39.25632830399992 -3.382308463999927 0, -39.26037956999993 -3.379742538999984 0, -39.26282366799992 -3.37913574399996 0, -39.27228193099992 -3.377026720999893 0, -39.275495694 -3.376247343999978 0, -39.27371934099993 -3.368427767999933 0, -39.277907703 -3.366625021999901 0, -39.27365620299994 -3.348124281000004 0, -39.26139623199994 -3.350381430999981 0, -39.26030586099996 -3.345588631999902 0, -39.24104435999991 -3.348256215999911 0))",2014,20
20,Canoa Quebrada,2010-01-26,57.0,28,7405817.94006,5,SGI_EDITOR_5,2018-12-19,SGI_EDITOR_5,2018-12-19,1,3,OperaÃ§Ã£o,0.000603638542785,0.118102716769,CEARÃ,NORDESTE,23,"POLYGON Z ((-37.7433946759999 -4.472060018999919 0, -37.7402561608105 -4.477881010279349 0, -37.74015366000003 -4.478102009147101 0, -37.73978408301731 -4.478756571030709 0, -37.7371013817389 -4.483732166114535 0, -37.74009391899991 -4.482640414999956 0, -37.75324810099992 -4.47707755199994 0, -37.76832427399997 -4.472081471999921 0, -37.76912415299998 -4.471145236999995 0, -37.76786652799993 -4.469285533999951 0, -37.77464694799997 -4.463470108999999 0, -37.76246899599991 -4.459978459999931 0, -37.76247385436598 -4.459963216190872 0, -37.76414210799997 -4.454728834999983 0, -37.76414172059768 -4.454728781439009 0, -37.74925279493695 -4.452670287060322 0, -37.7433946759999 -4.472060018999919 0))",2010,21
21,TaÃ­ba Ãguia,2014-06-19,23.1,11,904588.74,92,SGI_EDITOR_5,2018-12-19,SGI_EDITOR_5,2018-12-19,1,3,OperaÃ§Ã£o,7.36844965559e-05,0.0572977708723,CEARÃ,NORDESTE,23,"POLYGON Z ((-38.88825864300001 -3.547258473999932 0, -38.88829105199994 -3.548126061999952 0, -38.88871311699995 -3.547978747999935 0, -38.88909192599994 -3.547838955000004 0, -38.88936359099995 -3.547693294999938 0, -38.89060634099992 -3.547003795000002 0, -38.89065378699994 -3.546348936999905 0, -38.89055990999999 -3.545075268999952 0, -38.89052180899995 -3.543739318999905 0, -38.8907176719999 -3.543563206999984 0, -38.89069930499998 -3.54271054799996 0, -38.89067573299998 -3.541789999999907 0, -38.89066901199996 -3.540674790999916 0, -38.89003372199998 -3.524536627000018 0, -38.88936722999998 -3.521176132999969 0, -38.88681532599997 -3.522201455999983 0, -38.88798144799999 -3.543083535999912 0, -38.88808680099991 -3.544139155999943 0, -38.88812823999996 -3.544637022999929 0, -38.88816631399992 -3.545265645999983 0, -38.888202688 -3.545797827999962 0, -38.88825864300001 -3.547258473999932 0))",2014,22
22,Paracuru,2008-11-29,25.2,10,309351.16,22,SGI_EDITOR_5,2018-12-19,SGI_EDITOR_5,2018-12-19,1,3,OperaÃ§Ã£o,2.51960574076e-05,0.0378954009172,CEARÃ,NORDESTE,23,"POLYGON Z ((-38.95856257297286 -3.431038608132951 0, -38.96197123999998 -3.446572982999939 0, -38.96332016799995 -3.445899832999928 0, -38.95971308977469 -3.42946131727858 0, -38.95856257297286 -3.431038608132951 0))",2008,23
23,Paracuru,2008-11-29,25.2,10,486107.4842,22,SGI_EDITOR_5,2018-12-19,SGI_EDITOR_5,2018-12-19,1,3,OperaÃ§Ã£o,3.95924469956e-05,0.0429046480788,CEARÃ,NORDESTE,23,"POLYGON Z ((-38.96092076534143 -3.427805665120005 0, -38.96469807899992 -3.445212215999966 0, -38.96684341299996 -3.44414162799994 0, -38.9623551906787 -3.425839152364972 0, -38.96092076534143 -3.427805665120005 0))",2008,24
24,Praia Formosa,2009-08-26,105.0,50,10455219.5048,46,SGI_EDITOR_5,2018-12-19,SGI_EDITOR_5,2018-12-19,1,3,OperaÃ§Ã£o,0.000850058434715,0.148496638312,CEARÃ,NORDESTE,23,"POLYGON Z ((-41.03179962799997 -2.939078633999898 0, -41.03477045700001 -2.947720953999983 0, -41.03587081899993 -2.945356095999983 0, -41.03454383299992 -2.939454467999909 0, -41.03729047799989 -2.928344556999939 0, -41.0419644639999 -2.921482600999987 0, -41.05709912899991 -2.89678138699999 0, -41.0566020467815 -2.896576923565448 0, -41.03509477715751 -2.894713933082948 0, -41.01973050999995 -2.926398617999958 0, -41.01643148700001 -2.930861605999922 0, -41.02615195299995 -2.934841976000008 0, -41.027088576 -2.935347828999944 0, -41.02941282699992 -2.936810436999991 0, -41.03137427999994 -2.938487873999961 0, -41.03179962799997 -2.939078633999898 0))",2009,25
25,Lagoa do Mato,2009-01-16,3.23,2,147327.908235,28,SGI_EDITOR_5,2018-12-19,SGI_EDITOR_5,2018-12-19,1,3,OperaÃ§Ã£o,1.20093435356e-05,0.019987280298,CEARÃ,NORDESTE,23,"POLYGON Z ((-37.63763790099998 -4.590836242999991 39.07069999999658, -37.63808920799992 -4.592539958000003 39.07069999999658, -37.64117131399993 -4.589992050999953 39.07069999999658, -37.6409685339312 -4.586662353237735 39.07069999999658, -37.64046848499996 -4.587147310999946 39.07069999999658, -37.64027902583685 -4.587303131668762 39.07069999999658, -37.64043376699993 -4.587412253999929 39.07069999999658, -37.64011752299997 -4.587734590999958 39.07069999999658, -37.63968177699997 -4.588179661000012 39.07069999999658, -37.63875412549422 -4.588557285795886 39.07069999999658, -37.63797866126504 -4.589195066270008 39.07069999999658, -37.63806471899994 -4.589369667999975 39.07069999999658, -37.63850398799995 -4.59050686599992 39.07069999999658, -37.63763790099998 -4.590836242999991 39.07069999999658))",2009,26
26,Praia do Morgado,2010-05-26,28.8,19,3764055.14583,45,SGI_EDITOR_5,2018-12-19,SGI_EDITOR_5,2018-12-19,1,3,OperaÃ§Ã£o,0.000306248720904,0.137763086757,CEARÃ,NORDESTE,23,"POLYGON Z ((-40.28962006699997 -2.810609876999891 0, -40.26195587499995 -2.811760391999961 0, -40.26048615294762 -2.811103853394968 0, -40.25547155499998 -2.811634704999953 0, -40.25147127199993 -2.81211764399994 0, -40.24612428399992 -2.81326464899999 0, -40.2423701239999 -2.813710067999985 0, -40.23792245699995 -2.81431046699992 0, -40.23534588399993 -2.814377894999907 0, -40.2342012299999 -2.814443992999955 0, -40.23429544799997 -2.815640517999924 0, -40.24082852099998 -2.816400640999937 0, -40.24939566299997 -2.81702422599993 0, -40.26183751400001 -2.819849978999962 0, -40.27070199199991 -2.815845295999992 0, -40.2817464899999 -2.813065632999951 0, -40.28687472099993 -2.812024282999943 0, -40.29403229099991 -2.812021683999909 0, -40.29974268599997 -2.812299111999948 0, -40.29988159189511 -2.809477569277817 0, -40.28962006699997 -2.810609876999891 0))",2010,27
27,Fleixeiras I,2014-01-28,30.004,13,878409.279746,145,SGI_EDITOR_5,2018-12-19,SGI_EDITOR_5,2018-12-19,1,3,OperaÃ§Ã£o,7.15254214398e-05,0.0465045837664,CEARÃ,NORDESTE,23,"POLYGON Z ((-39.36397683599997 -3.207935420999981 0, -39.36403327199994 -3.208196347999902 0, -39.36455945599995 -3.208149179999992 0, -39.36489612699992 -3.208085803999992 0, -39.36535153499994 -3.207974616999941 0, -39.365581928 -3.207914354999929 0, -39.36568482299998 -3.207535526999933 0, -39.36571226399995 -3.20753023399994 0, -39.36513729899998 -3.20280943399996 0, -39.36576877499991 -3.202552801999957 0, -39.36569758499997 -3.201753718999917 0, -39.36723901499997 -3.201628246999931 0, -39.36660782999997 -3.188751192999938 0, -39.36599601799998 -3.188853098999928 0, -39.36553019599998 -3.188962640999932 0, -39.36505268399999 -3.189104033 0, -39.36514687099997 -3.191777070999919 0, -39.36231571399993 -3.192808784999933 0, -39.36129519199996 -3.193075267999951 0, -39.36232510199991 -3.20370911399997 0, -39.36397683599997 -3.207935420999981 0))",2014,28
28,Cajucoco,2014-03-21,30.0,20,1665690.11775,106,SGI_EDITOR_5,2018-12-19,SGI_EDITOR_5,2018-12-19,1,3,OperaÃ§Ã£o,0.000135559296034,0.102369114934,CEARÃ,NORDESTE,23,"POLYGON Z ((-39.94915650699998 -2.901264493999932 0, -39.96239825299995 -2.947711853999941 0, -39.96509022099993 -2.94734055199995 0, -39.95693950599993 -2.918272738999967 0, -39.95669496799994 -2.917400606999927 0, -39.95202371299997 -2.900740381999995 0, -39.95041851199994 -2.900783910999955 0, -39.94915650699998 -2.901264493999932 0))",2014,29
29,Prainha,1999-02-18,10.0,20,2031740.84967,18,SGI_EDITOR_5,2018-12-19,SGI_EDITOR_5,2018-12-19,1,3,OperaÃ§Ã£o,0.00016554113428,0.0518883634707,CEARÃ,NORDESTE,23,"POLYGON Z ((-38.37309236099998 -3.876053785999943 0, -38.38005857300002 -3.883275566999906 0, -38.3918383210945 -3.872919416919572 0, -38.38551249499991 -3.865479251999943 0, -38.38130038500001 -3.868353948999947 0, -38.37672195899991 -3.871950704 0, -38.37309236099998 -3.876053785999943 0))",1999,30
30,FaÃ­sa IV,2014-03-29,25.2,12,2669201.82,552,SGI_EDITOR_5,2018-12-19,SGI_EDITOR_5,2018-12-19,1,3,OperaÃ§Ã£o,0.000217372250319,0.0690566047487,CEARÃ,NORDESTE,23,"POLYGON Z ((-39.25091027699999 -3.309651244999962 0, -39.25278198499996 -3.318692908999964 0, -39.25428670499993 -3.318347829999922 0, -39.25658312699996 -3.329224673999974 0, -39.26869060799996 -3.326874217999916 0, -39.26639636699993 -3.316891395999939 0, -39.26182006299992 -3.317897027999926 0, -39.25943440214226 -3.307143155968305 0, -39.25091027699999 -3.309651244999962 0))",2014,31
31,FaÃ­sa III,2014-03-29,25.2,12,6615676.87823,551,SGI_EDITOR_5,2018-12-19,SGI_EDITOR_5,2018-12-19,1,3,OperaÃ§Ã£o,0.000269385854253,0.0683194405969,CEARÃ,NORDESTE,23,"POLYGON Z ((-39.25658312699996 -3.329224673999974 0, -39.26139623199994 -3.350381430999981 0, -39.27365620299994 -3.348124281000004 0, -39.26989690299994 -3.332123016999972 0, -39.26869060799996 -3.326874217999916 0, -39.25658312699996 -3.329224673999974 0))",2014,32
32,Ilha Grande,2014-08-20,29.7,11,2958049.53,198,SGI_EDITOR_5,2018-12-19,SGI_EDITOR_5,2018-12-19,1,3,OperaÃ§Ã£o,0.000240807165092,0.0928706963386,CEARÃ,NORDESTE,23,"POLYGON Z ((-39.679943543 -3.071084265999986 0, -39.68010418199997 -3.071271811999964 0, -39.68095330499997 -3.072451436999955 0, -39.68145161799999 -3.073267057999935 0, -39.68169405399998 -3.073953163999953 0, -39.68170436699994 -3.074365347999951 0, -39.68158838499993 -3.077699579999958 0, -39.70531371100002 -3.076495140999953 0, -39.70530920999991 -3.072970688999931 0, -39.710485417 -3.072542289999924 0, -39.71053332699996 -3.072542591999948 0, -39.71851346199998 -3.071859160999978 0, -39.71734165699992 -3.067770177999961 0, -39.70962312999998 -3.069919672999994 0, -39.70947509799998 -3.069979985999922 0, -39.70938066399999 -3.070010652999976 0, -39.70540598099992 -3.071152562999956 0, -39.70516362499994 -3.070958080999937 0, -39.70504701199997 -3.070765866999935 0, -39.70504698999997 -3.070765830999932 0, -39.70329772299992 -3.067802726999986 0, -39.70316925499995 -3.067516804999955 0, -39.70298440699993 -3.066946314999917 0, -39.70290952499995 -3.066772533999924 0, -39.70284390199994 -3.066694594999959 0, -39.70262911699994 -3.066594030999987 0, -39.70237313899998 -3.066612101999972 0, -39.6994716899999 -3.067149657999956 0, -39.69207046299992 -3.068645771999932 0, -39.69169747499997 -3.068719394999981 0, -39.68549299399997 -3.069936079999934 0, -39.68111309899996 -3.070821605999924 0, -39.679943543 -3.071084265999986 0))",2014,33
33,Icaraizinho,2009-10-14,54.6,26,4510348.375,20,SGI_EDITOR_5,2018-12-19,SGI_EDITOR_5,2018-12-19,1,3,OperaÃ§Ã£o,0.000367160527482,0.165411465307,CEARÃ,NORDESTE,23,"MULTIPOLYGON Z (((-39.66990202099996 -3.010612161999966 0, -39.66636637199998 -3.015277839000007 0, -39.6653305799999 -3.016399105999966 0, -39.66440683699994 -3.017493161999894 0, -39.66374837599991 -3.01805099599995 0, -39.66315124199998 -3.018716042999912 0, -39.66203205299992 -3.019804373999897 0, -39.66070355299995 -3.020951032999918 0, -39.65920490699995 -3.021985216999951 0, -39.65843398299993 -3.02232536799994 0, -39.658933979 -3.023517064999957 0, -39.659056301 -3.023477531999973 0, -39.65964635099997 -3.023344961999925 0, -39.66069620799997 -3.023130851999973 0, -39.66130989799994 -3.022888268999978 0, -39.66142303299998 -3.022835562999965 0, -39.66254675299997 -3.022314107999897 0, -39.66425138099996 -3.022073190999947 0, -39.66795148299995 -3.021241702999895 0, -39.67041928899995 -3.020568882000006 0, -39.6714126969999 -3.020391420999978 0, -39.67291880099999 -3.020130171999945 0, -39.67370046099992 -3.020009747999929 0, -39.67482031199994 -3.019863843999936 0, -39.67679275899998 -3.019728193999903 0, -39.67806906799998 -3.019590178999941 0, -39.68066661999996 -3.019265555999901 0, -39.68188825299997 -3.019103766999926 0, -39.68287636799992 -3.017899795999966 0, -39.68335540999995 -3.017347912999952 0, -39.68518364199996 -3.015733715999978 0, -39.68550926899999 -3.015219914999918 0, -39.68583973299997 -3.014885877999994 0, -39.6861308389999 -3.014655264999917 0, -39.68629022699994 -3.014437481999927 0, -39.686461489 -3.013955244999998 0, -39.68457959799998 -3.014396754999936 0, -39.68288983999997 -3.014602837999931 0, -39.677999492 -3.014875696999951 0, -39.677285716 -3.012457224999949 0, -39.67759525999995 -3.008640037999953 0, -39.67799006538872 -3.001967216559755 0, -39.67628797399993 -3.002670560098764 0, -39.67554788599998 -3.002976382098844 0, -39.6738457599929 -3.005165071192168 0, -39.67269259599993 -3.006710490999993 0, -39.67242118799994 -3.007240407999966 0, -39.67010657699992 -3.010466342999983 0, -39.66990202099996 -3.010612161999966 0)), ((-39.66256919599996 -3.022706472999943 0, -39.66264123799996 -3.025110038999955 0, -39.66309140899991 -3.025075227999913 0, -39.66338569899992 -3.025042185999936 0, -39.66413449499997 -3.024875547999912 0, -39.66542397599991 -3.025155258999966 0, -39.66549541399996 -3.025542046999903 0, -39.66558993999996 -3.026168248999937 0, -39.66561236199995 -3.026167390999952 0, -39.66610840899996 -3.033352856999933 0, -39.66626629399997 -3.035272903999996 0, -39.66792927899998 -3.035543704999931 0, -39.66901646099996 -3.035779886999933 0, -39.66953676799994 -3.035914093999935 0, -39.66990737899996 -3.027717822999897 0, -39.67137343399994 -3.027184106999968 0, -39.67243692399991 -3.027082552000004 0, -39.67215059799994 -3.025832060000006 0, -39.67215523099996 -3.02571850199994 0, -39.6736314899999 -3.025474593999917 0, -39.674752342 -3.025369808999955 0, -39.67552156699996 -3.025365723999883 0, -39.67632152899998 -3.025241829999935 0, -39.67670825499992 -3.02522500699996 0, -39.67750307499995 -3.02511932499992 0, -39.67907572499996 -3.024978538999996 0, -39.68017796199995 -3.024930744999949 0, -39.6811038979999 -3.024860545000003 0, -39.68176048399997 -3.024786798999941 0, -39.68230352699995 -3.024643398999977 0, -39.68283472599994 -3.02447394499999 0, -39.68417659299995 -3.024137579999959 0, -39.68746394799998 -3.018818971999991 0, -39.68746382199997 -3.018817298999942 0, -39.68732835099996 -3.016873299999943 0, -39.68724637199992 -3.015881033999996 0, -39.68716316499997 -3.015234192999948 0, -39.68690181200001 -3.013846513999972 0, -39.68661644999995 -3.013916979999941 0, -39.68650713699995 -3.014240714999993 0, -39.68640873399998 -3.014454438999998 0, -39.68619991499993 -3.014750487999983 0, -39.68567355099999 -3.015152552999943 0, -39.68512010999994 -3.015934973999933 0, -39.68351241399997 -3.017347256999898 0, -39.6832174899999 -3.01765390499996 0, -39.68302837199997 -3.017882039000007 0, -39.68286609499996 -3.01811600099991 0, -39.68210415799998 -3.019082939999983 0, -39.68194102999998 -3.019180525999971 0, -39.68167995099996 -3.019274771999953 0, -39.68071329299992 -3.019371112999934 0, -39.67765727799993 -3.019736027999926 0, -39.67692316999994 -3.019830791999951 0, -39.67619680899997 -3.019902772999956 0, -39.67517347299994 -3.019959147999913 0, -39.67277043199997 -3.020276298999953 0, -39.67060462200001 -3.020713699999909 0, -39.66884808999998 -3.021146035999977 0, -39.66797153999993 -3.021329890999908 0, -39.66640648299993 -3.021689624000011 0, -39.66491567299995 -3.021997710999919 0, -39.66427396399997 -3.022160759999998 0, -39.66254681099997 -3.022410730999987 0, -39.66256919599996 -3.022706472999943 0)))",2009,34
34,Praias de Parajuru,2009-08-19,28.8,19,3044959.06,23,SGI_EDITOR_5,2018-12-19,SGI_EDITOR_5,2018-12-19,1,3,OperaÃ§Ã£o,0.000248181087272,0.0694075528332,CEARÃ,NORDESTE,23,"POLYGON Z ((-37.88846921499996 -4.366431995999982 2.195200000001932, -37.88864446499998 -4.366871366999924 2.195200000001932, -37.88914401299992 -4.366709025999988 2.195200000001932, -37.89048211799997 -4.366056442999906 2.195200000001932, -37.89103051199996 -4.365782462999975 2.195200000001932, -37.89126783099996 -4.36565884799996 2.195200000001932, -37.89150886100001 -4.365532044999952 2.195200000001932, -37.89174143199998 -4.36541167099994 2.195200000001932, -37.89371270000002 -4.364472697999965 2.195200000001932, -37.89384394899995 -4.364420844999934 2.195200000001932, -37.89407785499994 -4.364312813999966 2.195200000001932, -37.89429365099995 -4.364218307999963 2.195200000001932, -37.89450629399995 -4.364129181999964 2.195200000001932, -37.89473807499995 -4.364038207999982 2.195200000001932, -37.8949812069999 -4.363943032999927 2.195200000001932, -37.89520254099993 -4.363856419999955 2.195200000001932, -37.89532923699992 -4.363804794999943 2.195200000001932, -37.8954341259999 -4.363762524000002 2.195200000001932, -37.89567230299998 -4.363658587999929 2.195200000001932, -37.89590843699997 -4.363556462999917 2.195200000001932, -37.89642022099995 -4.363344945999913 2.195200000001932, -37.90194109999996 -4.358599777999956 2.195200000001932, -37.90212345699995 -4.358349738999962 2.195200000001932, -37.90355212999994 -4.356184619999965 2.195200000001932, -37.90361101099993 -4.35607919699995 2.195200000001932, -37.90376289399997 -4.355843937999936 2.195200000001932, -37.90403333999997 -4.355733373999932 2.195200000001932, -37.90486199399997 -4.355385840999958 2.195200000001932, -37.90498648099996 -4.355337099999922 2.195200000001932, -37.90511385900002 -4.355276358999959 2.195200000001932, -37.90531694999995 -4.355193085999908 2.195200000001932, -37.90566045099995 -4.355044477999954 2.195200000001932, -37.90593429099996 -4.354930206999917 2.195200000001932, -37.90620552699993 -4.354816035999974 2.195200000001932, -37.90658113300001 -4.354650366999941 2.195200000001932, -37.90676311499998 -4.354560913999912 2.195200000001932, -37.90704899599999 -4.354418993999985 2.195200000001932, -37.9072851139999 -4.354300022999908 2.195200000001932, -37.90751866699996 -4.354182173999931 2.195200000001932, -37.90775363099994 -4.354063970999917 2.195200000001932, -37.90822046999993 -4.353828741999997 2.195200000001932, -37.90816399899997 -4.353647292999902 2.195200000001932, -37.90810599299996 -4.353464306999953 2.195200000001932, -37.90803815999995 -4.353245034999929 2.195200000001932, -37.90797486999995 -4.353047881999956 2.195200000001932, -37.90784682699993 -4.352626250999975 2.195200000001932, -37.90656773299997 -4.348603866999966 2.195200000001932, -37.90593163499992 -4.346583638999967 2.195200000001932, -37.90501103699995 -4.343685475999976 2.195200000001932, -37.90491633299993 -4.343374308999991 2.195200000001932, -37.90488357199997 -4.343281163000007 2.195200000001932, -37.90481702399997 -4.343047520999954 2.195200000001932, -37.88521315699993 -4.358281234999893 2.195200000001932, -37.88570690299993 -4.359501094999928 2.195200000001932, -37.88581674399996 -4.359776612999987 2.195200000001932, -37.88587389199998 -4.359925935999996 2.195200000001932, -37.88651477199998 -4.361542065999956 2.195200000001932, -37.88655465799999 -4.361637467999941 2.195200000001932, -37.88664625800003 -4.361873657999944 2.195200000001932, -37.88673853599993 -4.362101470999967 2.195200000001932, -37.88705581199999 -4.36289108499993 2.195200000001932, -37.88750207999996 -4.364005241999919 2.195200000001932, -37.88800232299996 -4.365266688999931 2.195200000001932, -37.88846921499996 -4.366431995999982 2.195200000001932))",2009,35
35,Enacel,2010-03-18,31.5,15,3000375.57,39,SGI_EDITOR_5,2018-12-19,SGI_EDITOR_5,2018-12-19,1,3,OperaÃ§Ã£o,0.000244569440184,0.0697113429664,CEARÃ,NORDESTE,23,"POLYGON Z ((-37.75689477099993 -4.497761349999983 0, -37.75678143799997 -4.5005556159999 0, -37.75110883299993 -4.500426978999911 0, -37.74912861399995 -4.513054106000013 0, -37.7537523409999 -4.514158039999955 0, -37.75444544499995 -4.510558016999894 0, -37.76071964699995 -4.510347487999972 0, -37.76263519099999 -4.508642246999926 0, -37.76898840299994 -4.507659710999988 0, -37.77122477799997 -4.504582710999948 0, -37.77123045799991 -4.501320214999922 0, -37.76997396899995 -4.496990463999971 0, -37.7675924609999 -4.496574190999986 0, -37.76649451699992 -4.496537390999961 0, -37.75689477099993 -4.497761349999983 0))",2010,36
36,GuajirÃº,2013-11-22,30.0,13,755875.972587,127,SGI_EDITOR_5,2018-12-19,SGI_EDITOR_5,2018-12-19,1,3,OperaÃ§Ã£o,6.155382939e-05,0.0635575920361,CEARÃ,NORDESTE,23,"POLYGON Z ((-39.21834644899993 -3.284929963999993 0, -39.21839165099994 -3.285484574999963 0, -39.21892171199993 -3.285133583999965 0, -39.21936222899996 -3.284841885999988 0, -39.21935651699993 -3.284734263999965 0, -39.21932270399997 -3.284097194999923 0, -39.21928889199993 -3.283460124999969 0, -39.21925507999998 -3.282823055999927 0, -39.21924585700001 -3.282649286999935 0, -39.21959067899994 -3.282340825999903 0, -39.22006483199991 -3.281916670999983 0, -39.22030758700001 -3.281699513999953 0, -39.22028170200001 -3.281389255999954 0, -39.22022865999997 -3.280753511999933 0, -39.22017561899993 -3.280117767999997 0, -39.22012257799999 -3.279482023999975 0, -39.22006953599995 -3.278846279999954 0, -39.220016495 -3.278210535999932 0, -39.21996345399997 -3.277574791999911 0, -39.21991041399993 -3.276939047999981 0, -39.21985737299998 -3.27630330399996 0, -39.21980433199995 -3.275667558999935 0, -39.219751292 -3.275031815000006 0, -39.21969825099996 -3.274396070999984 0, -39.21964521099992 -3.273760326999962 0, -39.21959216999998 -3.273124582999941 0, -39.21953912999994 -3.272488838999919 0, -39.21948608999999 -3.271853094999898 0, -39.21943304999996 -3.271217350999962 0, -39.21938000999992 -3.270581605999944 0, -39.21932696999997 -3.269945861999922 0, -39.21927392999994 -3.269310117999986 0, -39.21922089099998 -3.268674373999964 0, -39.21916785099995 -3.268038628999946 0, -39.21911481199992 -3.267402884999925 0, -39.21906177199997 -3.266767140999903 0, -39.21900873299993 -3.26613139599997 0, -39.2189556939999 -3.265495651999949 0, -39.21890265499994 -3.264859907999927 0, -39.21884961599991 -3.264224162999902 0, -39.21879657699996 -3.263588418999973 0, -39.21874353799993 -3.262952674999951 0, -39.21869049899989 -3.262316929999927 0, -39.21863746099994 -3.261681185999997 0, -39.21858442199991 -3.261045441999976 0, -39.218561977 -3.260776404999916 0, -39.21845824199995 -3.26042348899994 0, -39.21827840199999 -3.25981165599994 0, -39.21809856199994 -3.259199821999943 0, -39.21791872199998 -3.258587988999949 0, -39.21773888300002 -3.257976154999952 0, -39.21755904299997 -3.257364320999955 0, -39.21749866199995 -3.257158895999922 0, -39.21737920399993 -3.256752486999957 0, -39.21727330981655 -3.256392220194144 0, -39.21553326296221 -3.258633839644652 0, -39.21563347399999 -3.258973845999989 0, -39.21579072799994 -3.259507396999901 0, -39.21594798299999 -3.260040947999904 0, -39.21610523899994 -3.260574497999912 0, -39.21626249399999 -3.261108049000001 0, -39.21641974999994 -3.261641599999919 0, -39.21645946199995 -3.261776340999965 0, -39.21649324699999 -3.262190892999982 0, -39.216538445 -3.262745504999948 0, -39.216583644 -3.263300115999918 0, -39.21662884299992 -3.263854727999977 0, -39.21667404199994 -3.264409339999951 0, -39.21671924099994 -3.264963951000006 0, -39.21676443999996 -3.265518562999979 0, -39.21680963899996 -3.266073174999946 0, -39.21685483799997 -3.266627785999916 0, -39.21690003699998 -3.26718239799989 0, -39.2169452369999 -3.267737009999948 0, -39.21699043599991 -3.268291620999918 0, -39.21703563499992 -3.268846232999977 0, -39.21708083499993 -3.269400843999946 0, -39.21712603399994 -3.269955455999913 0, -39.21717123399995 -3.270510066999975 0, -39.21721643399996 -3.271064678999942 0, -39.21726163399997 -3.271619289999911 0, -39.21730683299998 -3.27217390199997 0, -39.2173520329999 -3.272728513999944 0, -39.21739723299991 -3.273283124999999 0, -39.21744243300001 -3.273837735999969 0, -39.21748763399993 -3.274392347999942 0, -39.21753283399995 -3.274946958999998 0, -39.21757803399995 -3.275501570999971 0, -39.21762323399996 -3.276056181999941 0, -39.21766843499996 -3.276610794 0, -39.21771363499997 -3.27716540499997 0, -39.21775883599999 -3.277720016999936 0, -39.217804036 -3.278274627999998 0, -39.21784923699992 -3.278829238999968 0, -39.21789443800002 -3.279383850999935 0, -39.21793963899994 -3.279938461999997 0, -39.21798483999994 -3.280493072999967 0, -39.21803004099996 -3.281047684999933 0, -39.21807524199996 -3.281602295999996 0, -39.21812044299998 -3.282156906999965 0, -39.21816564399998 -3.282711518999932 0, -39.2182108449999 -3.283266129999994 0, -39.218256046 -3.283820740999964 0, -39.21830124799992 -3.284375352999931 0, -39.21834644899993 -3.284929963999993 0))",2013,37
37,MundaÃº,2014-04-01,30.0,13,1933198.20227,129,SGI_EDITOR_5,2018-12-19,SGI_EDITOR_5,2018-12-19,1,3,OperaÃ§Ã£o,0.000157411455859,0.0590506231948,CEARÃ,NORDESTE,23,"POLYGON Z ((-39.37199261199991 -3.183737829999906 0, -39.36867750899997 -3.184520202999984 0, -39.37061403199998 -3.201455664999948 0, -39.37423151099997 -3.200324023999933 0, -39.37425346500001 -3.201195325999905 0, -39.375058441 -3.201090973999975 0, -39.37493980399996 -3.200197045999992 0, -39.38044441599995 -3.199073798999962 0, -39.38060715399992 -3.199977209999922 0, -39.38092241499989 -3.200123885999979 0, -39.38089715800002 -3.199974576999971 0, -39.38100614799998 -3.199957021999943 0, -39.38085636399993 -3.199255803999918 0, -39.38158123299996 -3.199151123999961 0, -39.38053887499995 -3.194736330999902 0, -39.38059158799996 -3.194700973999907 0, -39.38058511999996 -3.194164945999965 0, -39.37623452099997 -3.184202784000008 0, -39.37406332599991 -3.184146647999981 0, -39.37412210999998 -3.184534437000003 0, -39.37386978899998 -3.184562201999903 0, -39.37389553999997 -3.184738188999987 0, -39.37350338099995 -3.18477693499991 0, -39.37349324499999 -3.18462323099989 0, -39.37299490899997 -3.184637309999992 0, -39.37292595399995 -3.184330308999989 0, -39.37246338799996 -3.18442488399991 0, -39.37231988099999 -3.183758238999908 0, -39.37297795799999 -3.183576302999953 0, -39.37292497399996 -3.183355732999914 0, -39.37195491399999 -3.183524780999953 0, -39.37199261199991 -3.183737829999906 0))",2014,38
38,Dunas de Paracuru,2012-12-22,42.0,21,10090087.8371,65,SGI_EDITOR_5,2018-12-19,SGI_EDITOR_5,2018-12-19,1,3,OperaÃ§Ã£o,0.000821816508704,0.118888309103,CEARÃ,NORDESTE,23,"POLYGON Z ((-38.96563863199994 -3.43722429399994 0, -38.96822993599994 -3.44780734499993 0, -38.96968013699993 -3.447430532999924 0, -38.97013362599997 -3.447433830999934 0, -38.97179787399992 -3.447265124999916 0, -38.97408454699993 -3.446450660999943 0, -38.97447739399993 -3.446351606999919 0, -38.97552177499993 -3.446111172000009 0, -38.97591750599998 -3.445851089999984 0, -38.97603428099996 -3.445766559999917 0, -38.9762288809999 -3.44574708799999 0, -38.97653090700002 -3.445745575999958 0, -38.97673845999996 -3.445823667999932 0, -38.97684870999993 -3.445927756999929 0, -38.97723143299989 -3.445843281999956 0, -38.97760120999994 -3.445622217999961 0, -38.97816554699991 -3.445576804999938 0, -38.97872746299996 -3.445333574999971 0, -38.98021293699994 -3.445034687999936 0, -38.98198765799997 -3.445046986999977 0, -38.98268175600002 -3.444845498999911 0, -38.98291209599998 -3.44438708099991 0, -38.98334023799997 -3.44422456399996 0, -38.98359967599994 -3.444341689999973 0, -38.98375536899994 -3.444257166999904 0, -38.98424835199997 -3.444218240999974 0, -38.98466349899994 -3.444166289999934 0, -38.9849035199999 -3.444068775999952 0, -38.98609428299993 -3.443748276999898 0, -38.98741759099991 -3.443442841999939 0, -38.98809402999992 -3.443340895999945 0, -38.98900007199993 -3.443072483999941 0, -38.98942105699994 -3.442966246999944 0, -38.99270064899996 -3.442908203999934 0, -38.993978504 -3.442866513999952 0, -38.99435179999998 -3.44287114199998 0, -38.99467900999996 -3.442857265999983 0, -38.99523536299998 -3.442841137999984 0, -38.99638350599994 -3.442817494999893 0, -38.99628879999992 -3.442527934999916 0, -38.99591730500001 -3.441586489999999 0, -38.99540705699998 -3.440306815999989 0, -38.99486580599996 -3.439022483999949 0, -38.99436129899996 -3.437666542999935 0, -38.99383870899989 -3.436349250000014 0, -38.99330111399999 -3.43496027299993 0, -38.99222807499994 -3.432254379999954 0, -38.98871805399995 -3.423428768999976 0, -38.98771220499995 -3.42090042699995 0, -38.98737132899999 -3.420078193999949 0, -38.98720167199998 -3.419644360999939 0, -38.98548646999991 -3.415279507000008 0, -38.98365884799995 -3.410652386999963 0, -38.98249916357457 -3.40773029764348 0, -38.98241570103959 -3.407751680737481 0, -38.96888216568691 -3.41820804511211 0, -38.96775167099997 -3.419197515999912 0, -38.966892097 -3.420044830999942 0, -38.96674605 -3.420232019999979 0, -38.966606591 -3.420424214999983 0, -38.96647389099994 -3.420621183999935 0, -38.96634811099993 -3.420822686999912 0, -38.96622940499996 -3.421028476999972 0, -38.96611791699998 -3.421238303999928 0, -38.96601378199998 -3.421451913999924 0, -38.96591712899998 -3.421669043999948 0, -38.96582807299998 -3.421889431999979 0, -38.965746725 -3.422112808999898 0, -38.96570502000001 -3.422389512999963 0, -38.96551490599991 -3.42254413199997 0, -38.96532995599998 -3.422704949999954 0, -38.96515036799995 -3.422871792999992 0, -38.96497633799994 -3.42304448199998 0, -38.96457366799993 -3.423377772999935 0, -38.96417820999998 -3.423719673999891 0, -38.96368743399997 -3.424151409999993 0, -38.96337201381861 -3.424445147656328 0, -38.96314406828878 -3.424757647568498 0, -38.96306231799993 -3.424959922999925 0, -38.96292860599997 -3.425327940999999 0, -38.96280805599994 -3.425700521999914 0, -38.96304073299992 -3.426643506999959 0, -38.96419165999994 -3.431347455999962 0, -38.96563863199994 -3.43722429399994 0))",2012,39
39,IcaraÃ­ I,2012-12-15,27.3,13,2708436.88,126,SGI_EDITOR_5,2018-12-19,SGI_EDITOR_5,2018-12-19,1,3,OperaÃ§Ã£o,0.000220499243738,0.0903719933407,CEARÃ,NORDESTE,23,"POLYGON Z ((-39.58734234699993 -3.071944276999915 0, -39.58936288299995 -3.080740025999901 0, -39.59232702899989 -3.079799403999971 0, -39.59307284299996 -3.082820766999937 0, -39.59342973199991 -3.084231866999986 0, -39.59362598999999 -3.084951004999979 0, -39.59409717999998 -3.086669270999948 0, -39.59452024799999 -3.088182631999935 0, -39.59488753499991 -3.08949366999996 0, -39.59511977099994 -3.090320910999928 0, -39.59550232399998 -3.091714525999954 0, -39.59586598499997 -3.093037759999923 0, -39.59619755299995 -3.094242592999962 0, -39.5965319269999 -3.095460115999977 0, -39.59859285599998 -3.103145769999955 0, -39.599073899 -3.104902598999921 0, -39.59949097799996 -3.106424353999977 0, -39.60106985699994 -3.105912421999989 0, -39.60223219599992 -3.105239471999909 0, -39.602145089 -3.104949724999912 0, -39.60180000199995 -3.103874196999918 0, -39.60165415799997 -3.103427742999926 0, -39.60167239699997 -3.103392243000009 0, -39.60188248199994 -3.103303031999914 0, -39.60324477099995 -3.102719057999913 0, -39.60398786899997 -3.102392767000005 0, -39.604006521 -3.102369885999977 0, -39.60399731199995 -3.102332899999936 0, -39.60354451699997 -3.100632310000002 0, -39.60317299599996 -3.099247622999919 0, -39.60287625699992 -3.098141652999985 0, -39.60248247299994 -3.096659139999886 0, -39.60201004099993 -3.094914538999959 0, -39.60172155399995 -3.093850330999921 0, -39.6013055619999 -3.092300079999994 0, -39.60102317499999 -3.091247547999949 0, -39.60036548599992 -3.088803795999993 0, -39.60003968199997 -3.087577657999972 0, -39.59948264099997 -3.085493990999964 0, -39.59920502200001 -3.084446275999959 0, -39.59884909299996 -3.083091150000016 0, -39.59849892299994 -3.081766705999939 0, -39.59833849399999 -3.081184866999941 0, -39.59793758899995 -3.079683879999912 0, -39.59784112399996 -3.079162138000001 0, -39.59766646199999 -3.078635681999963 0, -39.59474595099992 -3.068635892000003 0, -39.59279865599993 -3.070016739999943 0, -39.58909570499996 -3.071470570999978 0, -39.58734234699993 -3.071944276999915 0))",2012,40
40,IcaraÃ­ II,2014-03-28,37.8,18,1078642.95,707,SGI_EDITOR_5,2018-12-19,SGI_EDITOR_5,2018-12-19,1,3,OperaÃ§Ã£o,8.78146615548e-05,0.0928752766928,CEARÃ,NORDESTE,23,"POLYGON Z ((-39.60594930099999 -3.094449050999991 0, -39.60671748599996 -3.097340048000007 0, -39.60743463099996 -3.099991057999972 0, -39.60795153999992 -3.101956146999939 0, -39.60879914699998 -3.105124993999937 0, -39.608949738 -3.10573046399994 0, -39.60965796199998 -3.105778334999997 0, -39.61035694499999 -3.106016332999971 0, -39.61129761899993 -3.106432508999944 0, -39.61220826199996 -3.106834022999948 0, -39.61311387299993 -3.105703311999918 0, -39.61136940999992 -3.097524968999942 0, -39.61084577699994 -3.09586002199994 0, -39.60819315599993 -3.096806057999963 0, -39.60734549899996 -3.093826362999984 0, -39.60490882999996 -3.08506932199991 0, -39.60296652299993 -3.078241106999911 0, -39.59920918499991 -3.065259256999952 0, -39.59826873499999 -3.066431109999918 0, -39.60155090599995 -3.078197781999968 0, -39.60280198499999 -3.082981864999944 0, -39.60389766699997 -3.087071618999936 0, -39.60568549499992 -3.09362378699992 0, -39.60594930099999 -3.094449050999991 0))",2014,41
41,ColÃ´nia,2014-06-19,18.9,9,790963.93,204,SGI_EDITOR_5,2018-12-19,SGI_EDITOR_5,2018-12-19,1,3,OperaÃ§Ã£o,6.44289732037e-05,0.0441480856224,CEARÃ,NORDESTE,23,"POLYGON Z ((-38.87713151899995 -3.531644445999966 0, -38.87822023499997 -3.542655139999994 0, -38.88185258099995 -3.541489627999923 0, -38.88026235199991 -3.529195439999932 0, -38.87968978899996 -3.523377316999927 0, -38.87640173399996 -3.523999495999895 0, -38.87713151899995 -3.531644445999966 0))",2014,42
42,FaÃ­sa I,2014-03-29,29.4,14,2898370.16894,548,SGI_EDITOR_5,2018-12-19,SGI_EDITOR_5,2018-12-19,1,3,OperaÃ§Ã£o,0.000236035977196,0.0850276273608,CEARÃ,NORDESTE,23,"POLYGON Z ((-39.25943440214226 -3.307143155968305 0, -39.26182006299992 -3.317897027999926 0, -39.26639636699993 -3.316891395999939 0, -39.26989690299994 -3.332123016999972 0, -39.28002672799991 -3.334444506999944 0, -39.27089368699999 -3.308667909999961 0, -39.26345286699993 -3.310678301999943 0, -39.26294865699995 -3.306117433999965 0, -39.25943399299994 -3.307141310999945 0, -39.25943440214226 -3.307143155968305 0))",2014,43
43,RibeirÃ£o,2014-09-25,21.6,8,2043444.95698,511,SGI_EDITOR_5,2018-12-19,SGI_EDITOR_5,2018-12-19,1,3,OperaÃ§Ã£o,0.000166358674441,0.0661610243556,CEARÃ,NORDESTE,23,"POLYGON Z ((-39.66998355899996 -3.098520811999911 0, -39.66470739399995 -3.103500077999961 0, -39.66093449399997 -3.100970731999936 0, -39.65942586899993 -3.103155434999955 0, -39.66319401099996 -3.105936364999927 0, -39.66383381199996 -3.106334755999939 0, -39.66873931699995 -3.10878093299992 0, -39.67730289 -3.105958349999966 0, -39.67745177099997 -3.104810526999941 0, -39.67715275099992 -3.104453204999956 0, -39.67886124199998 -3.10388175500001 0, -39.67935705999997 -3.103947121000004 0, -39.68050385799991 -3.104874116999966 0, -39.68084593499997 -3.105039344999959 0, -39.68141096399992 -3.104916979999956 0, -39.68218189399992 -3.105396508999931 0, -39.68228930500002 -3.105756151999934 0, -39.68309603299998 -3.106049219999939 0, -39.683732876 -3.105732860999964 0, -39.6838808599999 -3.104180392999943 0, -39.68410361699995 -3.102696149999972 0, -39.68403777799992 -3.09730049300002 0, -39.67289523757527 -3.098267992779775 0, -39.6724536203897 -3.09830633812232 0, -39.66998355899996 -3.098520811999911 0))",2014,44
44,Volta do Rio,2010-09-03,42.0,28,4924154.31,57,SGI_EDITOR_5,2018-12-19,SGI_EDITOR_5,2018-12-19,1,3,OperaÃ§Ã£o,0.000400730337219,0.156111449726,CEARÃ,NORDESTE,23,"MULTIPOLYGON Z (((-39.9879759819999 -2.842899669999916 1.013300000005984, -39.9531692449999 -2.861599800999969 1.013300000005984, -39.95318786948064 -2.861031543674114 1.013300000005984, -39.95289318299994 -2.861190154094196 1.013300000005984, -39.95198276799994 -2.861417196094152 1.013300000005984, -39.95198310099996 -2.861416894094127 1.013300000005984, -39.95321175984355 -2.860302617378035 1.013300000005984, -39.95322653126641 -2.859851921899736 1.013300000005984, -39.952120973 -2.859776263094183 1.013300000005984, -39.95248866604867 -2.859206769399618 1.013300000005984, -39.95012304899992 -2.860523681999922 1.013300000005984, -39.94959617200003 -2.861498416999929 1.013300000005984, -39.94864117499997 -2.862143966999959 1.013300000005984, -39.94581196199992 -2.863550963999934 1.013300000005984, -39.94494329699998 -2.863991071999934 1.013300000005984, -39.94406298699997 -2.864670819999958 1.013300000005984, -39.94474033499998 -2.866231852999889 1.013300000005984, -39.94483313800001 -2.866819360000001 1.013300000005984, -39.94398142299998 -2.867108426999941 1.013300000005984, -39.94271792799997 -2.867453364999967 1.013300000005984, -39.94203182799996 -2.867457972999908 1.013300000005984, -39.94216474599995 -2.868103077999905 1.013300000005984, -39.93906462799995 -2.868767523999992 1.013300000005984, -39.93826555899991 -2.868251574999932 1.013300000005984, -39.93812411199993 -2.869172635999938 1.013300000005984, -39.939510796 -2.871852542999896 1.013300000005984, -39.95221572499997 -2.865667036999959 1.013300000005984, -39.95995944699995 -2.862371603999968 1.013300000005984, -39.98117041499992 -2.853735732999972 1.013300000005984, -39.98175321785514 -2.853147934507689 1.013300000005984, -39.97649740499989 -2.855481754999929 1.013300000005984, -39.97681483672334 -2.855193371572304 1.013300000005984, -39.97622193199999 -2.85507054909403 1.013300000005984, -39.97808595999994 -2.851918716093927 1.013300000005984, -39.98055998599992 -2.851229017093878 1.013300000005984, -39.98170178399997 -2.850399678093829 1.013300000005984, -39.9838694 -2.848370821093738 1.013300000005984, -39.98486851799998 -2.846782894093714 1.013300000005984, -39.986727957 -2.845525634093605 1.013300000005984, -39.98868490412578 -2.845183201953055 1.013300000005984, -39.99683240025289 -2.843121344385523 1.013300000005984, -39.99722046355138 -2.843010197998376 1.013300000005984, -39.99722828699998 -2.842989449093544 1.013300000005984, -39.99726940622087 -2.842996180179857 1.013300000005984, -39.99951800987871 -2.842352150781382 1.013300000005984, -39.99951694699889 -2.84228983064531 1.013300000005984, -39.9879759819999 -2.842899669999916 1.013300000005984)), ((-39.9548329271211 -2.857953273637627 1.013300000005984, -39.95518294382146 -2.857752983304913 1.013300000005984, -39.95472424898394 -2.857981998036367 1.013300000005984, -39.9548329271211 -2.857953273637627 1.013300000005984)))",2010,45
52,Coqueiros,2014-11-07,27.0,18,1261750.38973,104,SGI_EDITOR_5,2018-12-19,SGI_EDITOR_5,2018-12-19,1,3,OperaÃ§Ã£o,0.000102684239629,0.0747087654314,CEARÃ,NORDESTE,23,"POLYGON Z ((-39.97276819899998 -2.87220313299995 0, -39.97535468130494 -2.902338052928172 0, -39.97545149599995 -2.903466033999919 0, -39.97903567199995 -2.903106932999961 0, -39.97888592677386 -2.901870579566996 0, -39.9761916159999 -2.879625326999886 0, -39.97745048083166 -2.87964044889118 0, -39.97892239499998 -2.879658129999939 0, -39.97888860195118 -2.877629742065167 0, -39.97888549599995 -2.877443311 0, -39.97604978299998 -2.877516065999984 0, -39.97537070299992 -2.871885808999892 0, -39.97276819899998 -2.87220313299995 0))",2014,46
53,Santo AntÃ´nio de PÃ¡dua,2014-11-11,14.0,7,588857.898662,780,SGI_EDITOR_5,2018-12-19,SGI_EDITOR_5,2018-12-19,1,3,OperaÃ§Ã£o,4.7953207627e-05,0.0408940179964,CEARÃ,NORDESTE,23,"POLYGON Z ((-39.224521706 -3.285754588999922 -0.03239999999641441, -39.22684938499994 -3.285925411999933 -0.03239999999641441, -39.22642896899998 -3.280491839999954 -0.03239999999641441, -39.22549469999994 -3.267957355999968 -0.03239999999641441, -39.22388250199995 -3.268022858999885 -0.03239999999641441, -39.222747359 -3.268242448999935 -0.03239999999641441, -39.22377891099991 -3.280705568999963 -0.03239999999641441, -39.22418565599999 -3.285571440999952 -0.03239999999641441, -39.224521706 -3.285754588999922 -0.03239999999641441))",2014,47
54,Embuaca,2014-03-29,27.3,13,567737.365874,66,SGI_EDITOR_5,2018-12-19,SGI_EDITOR_5,2018-12-19,1,3,OperaÃ§Ã£o,4.62300026669e-05,0.0832312230271,CEARÃ,NORDESTE,23,"POLYGON Z ((-39.33123188999994 -3.237437400000005 0, -39.33137282599997 -3.238352191999937 0, -39.33249222899995 -3.238185994999952 0, -39.33241786599993 -3.23753060899999 0, -39.33234838099995 -3.237093297999955 0, -39.33225747099989 -3.236426997999985 0, -39.33211501499991 -3.235349517000003 0, -39.33195137099997 -3.234189111000006 0, -39.33182543799994 -3.233267836999985 0, -39.33159426399991 -3.231450349999974 0, -39.33149687699993 -3.23059344399995 0, -39.33137898999995 -3.229722340999992 0, -39.33135566999997 -3.229588527999937 0, -39.33095930899995 -3.226607341000005 0, -39.32739488199466 -3.199636611860718 0, -39.32641987408176 -3.20066430946676 0, -39.32960713399998 -3.225298644999995 0, -39.32974053100001 -3.226180725999967 0, -39.33012132099998 -3.229343190999977 0, -39.33014692199997 -3.229520835999928 0, -39.33023694699995 -3.230158565999936 0, -39.33040014399997 -3.231227555000011 0, -39.33053401199993 -3.232224865999932 0, -39.33067830899997 -3.233213008999975 0, -39.33073083799997 -3.233629092999941 0, -39.33085741099995 -3.235000114999963 0, -39.330916986 -3.235383790999911 0, -39.33100566399997 -3.236139202999972 0, -39.33113045799999 -3.236904708999894 0, -39.33123188999994 -3.237437400000005 0))",2014,48
55,IcaraÃ­,2013-06-29,16.8,8,844106.88698549,107,SGI_EDITOR_5,2018-12-19,SGI_EDITOR_5,2018-12-19,1,3,OperaÃ§Ã£o,6.8715840122e-05,0.0456156317285,CEARÃ,NORDESTE,23,"POLYGON Z ((-39.62157680400001 -3.031468396999976 0, -39.62213639599995 -3.03278210099996 0, -39.62387250299997 -3.031006295999937 0, -39.62536550399996 -3.029746696999986 0, -39.62627519599991 -3.028548002999926 0, -39.62770529999993 -3.027664195999897 0, -39.63517299799999 -3.024868399999946 0, -39.63503950099996 -3.023766903999935 0, -39.63730359899998 -3.023127701999983 0, -39.63666020099995 -3.020601799999973 0, -39.63409335700001 -3.021601808999939 0, -39.63097432199996 -3.022771678000012 0, -39.62975965063105 -3.022823988294952 0, -39.62903363831225 -3.023105774768482 0, -39.62686597199994 -3.02428548799994 0, -39.62477701299994 -3.024880876999909 0, -39.62365460899997 -3.025560735999939 0, -39.62225688999997 -3.026216888999962 0, -39.62102209599994 -3.026654748999952 0, -39.61994459799996 -3.02765469699991 0, -39.62084548599998 -3.029696166999983 0, -39.62157680400001 -3.031468396999976 0))",2013,49
63,Estrela,2017-03-18,29.7,11,2356223.9538,332,SGI_EDITOR_5,2018-12-19,SGI_EDITOR_5,2018-12-19,1,3,OperaÃ§Ã£o,0.000191873185905,0.0821852417361,CEARÃ,NORDESTE,23,"POLYGON Z ((-39.29245907799996 -3.245098862999939 0, -39.29264727499999 -3.265327592999896 0, -39.29326960899997 -3.273985292999924 0, -39.29315436599994 -3.276985097999969 0, -39.29942423399993 -3.27654654199992 0, -39.30189588199998 -3.275935583999996 0, -39.30372544899992 -3.261792203999946 0, -39.29910318199992 -3.263253763999991 0, -39.29783827599998 -3.263633657999982 0, -39.29364539399998 -3.244433660999967 0, -39.29245907799996 -3.245098862999939 0))",2017,50
64,Cacimbas 1,2016-12-20,18.9,7,2176468.7582,436,SGI_EDITOR_5,2018-12-19,SGI_EDITOR_5,2018-12-19,1,3,OperaÃ§Ã£o,0.000177232002464,0.0792272800608,CEARÃ,NORDESTE,23,"POLYGON Z ((-39.276897677 -3.249472379999958 0, -39.27990019899992 -3.258470784999929 0, -39.28354863799999 -3.253091643999923 0, -39.27444013899997 -3.222742389999965 0, -39.269460829 -3.224166715999949 0, -39.276897677 -3.249472379999958 0))",2016,51
65,Cataventos AcaraÃº I,2018-05-29,28.0,14,2141257.66770153,889,SGI_EDITOR_5,2018-12-19,SGI_EDITOR_5,2018-12-19,1,3,OperaÃ§Ã£o,0.000174246178084,0.075947197605,CEARÃ,NORDESTE,23,"POLYGON Z ((-40.06034849400002 -2.841090816999909 0, -40.05930546299997 -2.843543028999946 0, -40.05902993299999 -2.845640582999948 0, -40.05894225099993 -2.848039721999946 0, -40.05818246099995 -2.849060670999954 0, -40.05800338099996 -2.851069669999916 0, -40.05849402399997 -2.853613184999958 0, -40.05743335799996 -2.853806835999904 0, -40.05747157499993 -2.854673725999952 0, -40.0573133999999 -2.856618844999957 0, -40.06003421299995 -2.855602682999987 0, -40.06161585999999 -2.855218589999915 0, -40.06624000599997 -2.854300600999991 0, -40.0681005979999 -2.853600098999941 0, -40.06682098099999 -2.861991461999956 0, -40.06906153499992 -2.86152650599994 0, -40.07021591499996 -2.853920233999958 0, -40.07003851499993 -2.853149179999932 0, -40.06899445099997 -2.848613016999956 0, -40.06761223699991 -2.848868483999951 0, -40.0675864039999 -2.845238089999953 0, -40.0702406463713 -2.841908681722614 0, -40.06765003599993 -2.842134642999945 0, -40.06254323339762 -2.838567811448229 0, -40.06237094264369 -2.838506780993748 0, -40.06214446400001 -2.838545812093493 0, -40.06201144098278 -2.838379434927568 0, -40.06164998899997 -2.83825139799999 0, -40.06034849400002 -2.841090816999909 0))",2018,52
71,TaÃ­ba Albatroz,2008-11-19,16.5,8,531587.07,54,SGI_EDITOR_5,2018-12-19,SGI_EDITOR_5,2018-12-19,1,3,OperaÃ§Ã£o,4.33006966318e-05,0.046115445328,CEARÃ,NORDESTE,23,"POLYGON Z ((-38.91914963999994 -3.506958605999998 -14.90399999999499, -38.91943873399997 -3.508706472999933 -14.90399999999499, -38.91659314299998 -3.510020965999978 -14.90399999999499, -38.91258096599992 -3.511882800999928 -14.90399999999499, -38.91210760800001 -3.512102458999983 -14.90399999999499, -38.91391949900001 -3.518467416999933 -14.90399999999499, -38.91432137599995 -3.518486289999899 -14.90399999999499, -38.91652868099989 -3.518589945999949 -14.90399999999499, -38.91675625599998 -3.51867583399995 -14.90399999999499, -38.91753054199992 -3.518586442999926 -14.90399999999499, -38.91856775099993 -3.517761656999895 -14.90399999999499, -38.91832720199993 -3.516893991999957 -14.90399999999499, -38.91739638199991 -3.516933951999889 -14.90399999999499, -38.91739819399989 -3.515842182999968 -14.90399999999499, -38.91797154899999 -3.515425043999919 -14.90399999999499, -38.91830916599994 -3.515351574999968 -14.90399999999499, -38.91821140199994 -3.51472267699998 -14.90399999999499, -38.91739579399996 -3.513541686999964 -14.90399999999499, -38.91619948999992 -3.513094926999948 -14.90399999999499, -38.91586052899994 -3.512678035 -14.90399999999499, -38.91581589599998 -3.511936633999944 -14.90399999999499, -38.91623551499997 -3.511527069999985 -14.90399999999499, -38.91821317599991 -3.511121517999911 -14.90399999999499, -38.92004174799995 -3.509985040999936 -14.90399999999499, -38.92045944099996 -3.508408758999991 -14.90399999999499, -38.92255084399999 -3.507971214999934 -14.90399999999499, -38.92215390099992 -3.507400137999938 -14.90399999999499, -38.9204072549999 -3.507473780999902 -14.90399999999499, -38.92023790199993 -3.507276321999903 -14.90399999999499, -38.92198259699996 -3.506384229999988 -14.90399999999499, -38.91914963999994 -3.506958605999998 -14.90399999999499))",2008,53
75,Itarema III,2016-04-06,15.0,5,1372540.95950447,844,SGI_EDITOR_5,2018-12-19,SGI_EDITOR_5,2018-12-19,1,3,OperaÃ§Ã£o,0.000111715575336,0.0471064155096,CEARÃ,NORDESTE,23,"POLYGON Z ((-39.84040349999994 -2.945100967000009 0, -39.83981900999998 -2.945214651999912 0, -39.8395432519999 -2.945213120999966 0, -39.83876625800001 -2.945305731999987 0, -39.83854269299998 -2.945334326999955 0, -39.83831236599993 -2.945364642999976 0, -39.83808735499996 -2.945399879999961 0, -39.83751243099992 -2.945455307999929 0, -39.83730769999995 -2.945478862999928 0, -39.83706554099997 -2.94549058799992 0, -39.83690128299997 -2.945512343999944 0, -39.83670055799998 -2.945527879999894 0, -39.83656459 -2.945538476999971 0, -39.83641423499991 -2.945545999999972 0, -39.83631606799997 -2.945554025999925 0, -39.83626573999997 -2.945561766999945 0, -39.83621551299998 -2.945557082999912 0, -39.83612076999997 -2.945565091999953 0, -39.83602646799998 -2.945596646999903 0, -39.83538629699994 -2.945574576999938 0, -39.83546464599994 -2.945833672999882 0, -39.83558194999997 -2.946190163999979 0, -39.83589094699995 -2.946163284999976 0, -39.83685622399997 -2.949352446999974 0, -39.8394744949999 -2.958095054999916 0, -39.840124158 -2.957883061999965 0, -39.84022479399989 -2.957850702999949 0, -39.84035803499999 -2.95782221999999 0, -39.84039522599996 -2.957819196999921 0, -39.84070358199998 -2.957770204999953 0, -39.84094028499994 -2.957738520999996 0, -39.84122016399991 -2.957695206999965 0, -39.84144094699997 -2.957660974999975 0, -39.84223510399996 -2.957587592999943 0, -39.84444506599993 -2.95741616499997 0, -39.84444756399996 -2.956926389999943 0, -39.84507781499997 -2.950944908999929 0, -39.84732859799995 -2.950724993999941 0, -39.84737156099996 -2.950099131999934 0, -39.84909218799995 -2.949894382999958 0, -39.84827003799996 -2.946274715999962 0, -39.84799110999997 -2.945146240999939 0, -39.84721570999994 -2.94512240800001 0, -39.84641598699994 -2.945075462999945 0, -39.84557164299998 -2.945029374999948 0, -39.84490258199995 -2.944999893999999 0, -39.84426296799997 -2.944978187999979 0, -39.84400910799992 -2.944976934999964 0, -39.84356166999994 -2.944964081999963 0, -39.84309862899991 -2.944934966999952 0, -39.84217293899997 -2.94491573899996 0, -39.8417041119999 -2.944959865999969 0, -39.8410578689999 -2.945032855999969 0, -39.84091640400001 -2.945039838999925 0, -39.84073063999991 -2.945068681999913 0, -39.84040349999994 -2.945100967000009 0))",2016,54
76,Ventos de TianguÃ¡ Norte,2016-09-28,27.04,16,4747292.59089,1173,SGI_EDITOR_5,2018-12-19,SGI_EDITOR_5,2018-12-19,1,3,OperaÃ§Ã£o,0.000386281167977,0.152638832442,CEARÃ,NORDESTE,23,"POLYGON Z ((-41.19992328199993 -3.878115089999966 0, -41.19482359699995 -3.87799776499994 0, -41.19416291999991 -3.888350860999907 0, -41.18370711399997 -3.891074089999989 0, -41.1822366769999 -3.885043584999913 0, -41.183702076 -3.874544137999997 0, -41.18855435999993 -3.872987334999976 0, -41.18972913899997 -3.859217198999986 0, -41.18309567499992 -3.857363467999995 0, -41.17964896800002 -3.885674223999956 0, -41.18055725299994 -3.889862234999996 0, -41.18314524699993 -3.895230594999909 0, -41.19884556499994 -3.904726701999933 0, -41.19992328199993 -3.878115089999966 0))",2016,55
77,Ventos de TianguÃ¡,2016-09-28,25.35,15,5579825.81394,1174,SGI_EDITOR_5,2018-12-19,SGI_EDITOR_5,2018-12-19,1,3,OperaÃ§Ã£o,0.000454033957453,0.101180543312,CEARÃ,NORDESTE,23,"POLYGON Z ((-41.16692483299997 -3.874176920999993 0, -41.167044248 -3.85691730699994 0, -41.15407347999998 -3.84684093799995 0, -41.14580516399993 -3.854393551999934 0, -41.14402571799997 -3.856175995999977 0, -41.14442852599998 -3.856798285999951 0, -41.14534046299994 -3.857620866999973 0, -41.15308470499997 -3.858209763999938 0, -41.1547553249999 -3.865277163000009 0, -41.14888380499993 -3.878282011999922 0, -41.15542868200002 -3.882959456999956 0, -41.16692483299997 -3.874176920999993 0))",2016,56
78,Ventos do Parazinho,2016-09-28,27.04,16,4389816.62205,1175,SGI_EDITOR_5,2018-12-19,SGI_EDITOR_5,2018-12-19,1,3,OperaÃ§Ã£o,0.000357189937077,0.0894106269452,CEARÃ,NORDESTE,23,"POLYGON Z ((-41.19992328199993 -3.878115089999966 0, -41.20019635799996 -3.872443299999901 0, -41.20064127599992 -3.861981627000006 0, -41.18972913899997 -3.859217198999986 0, -41.18855435999993 -3.872987334999976 0, -41.183702076 -3.874544137999997 0, -41.1822366769999 -3.885043584999913 0, -41.18370711399997 -3.891074089999989 0, -41.19416291999991 -3.888350860999907 0, -41.19482359699995 -3.87799776499994 0, -41.19992328199993 -3.878115089999966 0))",2016,57
79,Vento Formoso,2016-10-07,25.35,15,7503494.13151,1176,SGI_EDITOR_5,2018-12-19,SGI_EDITOR_5,2018-12-19,1,3,OperaÃ§Ã£o,0.000610546880282,0.147007673002,CEARÃ,NORDESTE,23,"POLYGON Z ((-41.15856357199996 -3.826391507999936 0, -41.12824542149995 -3.840992089499935 0, -41.13128391799997 -3.844097259999956 0, -41.13708326999992 -3.845631626999896 0, -41.15571909299998 -3.840614312999989 0, -41.166285322 -3.842620313999966 0, -41.17898448425288 -3.855101600797568 0, -41.17898451599993 -3.855101631999986 0, -41.18426833999995 -3.854298104999942 0, -41.18528396499997 -3.850823631999965 0, -41.17894394999995 -3.840427348999973 0, -41.17060385199991 -3.84027450899994 0, -41.16405229199998 -3.822787616 0, -41.16187570299992 -3.822893477999962 0, -41.15856357199996 -3.826391507999936 0))",2016,58
80,Ventos do Morro do ChapÃ©u,2016-10-06,25.35,15,10186932.0569,1177,SGI_EDITOR_5,2018-12-19,SGI_EDITOR_5,2018-12-19,1,3,OperaÃ§Ã£o,0.00082887939412,0.178424927548,CEARÃ,NORDESTE,23,"POLYGON Z ((-41.167044248 -3.85691730699994 0, -41.16692483299997 -3.874176920999993 0, -41.16910936099998 -3.876901095999884 0, -41.17450278900002 -3.880190918999944 0, -41.18049283399994 -3.878742601999924 0, -41.18309567499992 -3.857363467999995 0, -41.18972913899997 -3.859217198999986 0, -41.1924570539999 -3.836267720999971 0, -41.18145139099994 -3.825090999999886 0, -41.17102518999996 -3.822448440000002 0, -41.16405229199998 -3.822787616 0, -41.17060385199991 -3.84027450899994 0, -41.17894394999995 -3.840427348999973 0, -41.18528396499997 -3.850823631999965 0, -41.18426833999995 -3.854298104999942 0, -41.17898448425288 -3.855101600797568 0, -41.167044248 -3.85691730699994 0))",2016,59
87,Garrote,2017-12-01,23.1,11,903923.64708941,1210,SGI_EDITOR_5,2018-12-19,SGI_EDITOR_5,2018-12-19,1,3,OperaÃ§Ã£o,0.000206723915468,0.236004603694,CEARÃ,NORDESTE,23,"MULTIPOLYGON Z (((-37.30660442899996 -4.742905808999993 0, -37.33310800499996 -4.772248003999941 0, -37.33343918199992 -4.771992224000009 0, -37.333768601 -4.771737436999977 0, -37.33426475600002 -4.771353506000004 0, -37.33459095099992 -4.771101186999914 0, -37.30796743999993 -4.741462235000014 0, -37.30760849899999 -4.741842417999941 0, -37.30717771399996 -4.742298654999942 0, -37.30689199599995 -4.742601590999961 0, -37.30660442899996 -4.742905808999993 0)), ((-37.3108417079999 -4.743219926999964 0, -37.335100729 -4.770650278999909 0, -37.33659056699999 -4.769204195999983 0, -37.3125892699999 -4.7422101679999 0, -37.3108417079999 -4.743219926999964 0)), ((-37.32053143799996 -4.733083614999899 0, -37.33494494199989 -4.754878830999886 0, -37.34061177399999 -4.763180163000001 0, -37.342096505 -4.762484092999962 0, -37.33945795499992 -4.75857335799995 0, -37.33634159599999 -4.75395422199994 0, -37.32334068099996 -4.734272959999984 0, -37.32202630099992 -4.735147833999982 0, -37.32062297399999 -4.733025750999992 0, -37.32053143799996 -4.733083614999899 0)))",2017,60
88,Santo InÃ¡cio III,2017-12-05,29.4,14,1413204.22023375,1211,SGI_EDITOR_5,2018-12-19,SGI_EDITOR_5,2018-12-19,1,3,OperaÃ§Ã£o,0.000249381844597,0.243089076551,CEARÃ,NORDESTE,23,"MULTIPOLYGON Z (((-37.28564676399999 -4.775090157000001 0, -37.32174674599997 -4.785171204999934 0, -37.32227327899993 -4.782895029999985 0, -37.3231445499999 -4.783126915999986 0, -37.3232325449999 -4.782746003999911 0, -37.32331924099996 -4.782372014999964 0, -37.32336952099995 -4.782155117999963 0, -37.29913954899995 -4.775746121999923 0, -37.28667941699999 -4.772463217999899 0, -37.28663058599995 -4.772660542999972 0, -37.286537777 -4.773010108999941 0, -37.2864668349999 -4.773364231999928 0, -37.28564676399999 -4.775090157000001 0)), ((-37.287098181 -4.7721454819999 0, -37.32347341399993 -4.781701360999897 0, -37.32388550099992 -4.779895110999931 0, -37.28716235499999 -4.770251681999966 0, -37.28692450599993 -4.771731504999927 0, -37.28722711499992 -4.771808311999976 0, -37.287098181 -4.7721454819999 0)), ((-37.29011843799996 -4.764814564999959 0, -37.28981923599999 -4.766032555000017 0, -37.28794727599991 -4.765376234999984 0, -37.287892508 -4.765831514999903 0, -37.28968483899997 -4.766470882999961 0, -37.32451574099994 -4.777424009999927 0, -37.32462331899995 -4.776998612999904 0, -37.32484914599998 -4.77610560999991 0, -37.32491607599993 -4.775674321999929 0, -37.32167091500001 -4.775292393999948 0, -37.32169904199993 -4.774668354000006 0, -37.31634930899997 -4.772971038999991 0, -37.31605430799989 -4.773030594999945 0, -37.31597334499995 -4.772853328999936 0, -37.29011843799996 -4.764814564999959 0)))",2017,61
89,Santo InÃ¡cio IV,2017-12-05,23.1,11,1250810.02461802,1212,SGI_EDITOR_5,2018-12-19,SGI_EDITOR_5,2018-12-19,1,3,OperaÃ§Ã£o,0.000222985738006,0.264058959058,CEARÃ,NORDESTE,23,"MULTIPOLYGON Z (((-37.32227365499996 -4.772639524999917 0, -37.3249242539999 -4.773217485999957 0, -37.3249243449999 -4.773217507999959 0, -37.32521048699995 -4.773294973999974 0, -37.3289099909999 -4.776467936999957 0, -37.32913601099995 -4.776189028999973 0, -37.32977510299997 -4.775453006999918 0, -37.29928661699995 -4.750434336999938 0, -37.298528254 -4.75108820999995 0, -37.29820844499991 -4.751375204999896 0, -37.32462509399992 -4.772972894999967 0, -37.29955763299991 -4.752482341999929 0, -37.29820821199998 -4.751378510999899 0, -37.29798629399992 -4.751196203999918 0, -37.29283592099993 -4.746990817999951 0, -37.29267876499998 -4.746864915999922 0, -37.28792331417485 -4.742963264541117 0, -37.28742800599994 -4.743581978999899 0, -37.28712461256254 -4.744109319669072 0, -37.29091351599994 -4.747213210999966 0, -37.2910107549999 -4.747293208000009 0, -37.29693247499995 -4.752204486999943 0, -37.29718283299997 -4.75240422699995 0, -37.29770770899997 -4.752838850999936 0, -37.29866583800001 -4.753580459999924 0, -37.32146459799999 -4.772216692999926 0, -37.32227365499996 -4.772639524999917 0)), ((-37.304783345 -4.745393791999973 0, -37.30462970199991 -4.745518923999931 0, -37.30441695199998 -4.745335510999944 0, -37.30424734099998 -4.745473854999936 0, -37.30492905699998 -4.746210588999965 0, -37.30476367499998 -4.746503015000002 0, -37.30471397499996 -4.746598574000004 0, -37.30457973099995 -4.746781422999945 0, -37.30464303899994 -4.746845763999936 0, -37.30455540699997 -4.746931392000008 0, -37.30444553899994 -4.747032065999989 0, -37.30435333399996 -4.747123794999936 0, -37.30425149999996 -4.747221739999959 0, -37.30410628499994 -4.747361410999972 0, -37.31545467499993 -4.759408245999929 0, -37.33112423199996 -4.774154240999927 0, -37.33229077899993 -4.772851221999936 0, -37.31728403999995 -4.756995423999953 0, -37.30546091099993 -4.744425460999963 0, -37.30546053599991 -4.744425316999951 0, -37.30527548599996 -4.744602677999971 0, -37.30550077399995 -4.744844645999919 0, -37.30534466999991 -4.744962496999989 0, -37.30513297599999 -4.745122314999982 0, -37.30499466799991 -4.74523133799994 0, -37.30487471599993 -4.745323550999935 0, -37.304783345 -4.745393791999973 0)))",2017,62
90,SÃ£o Raimundo,2017-12-01,23.1,11,50093.06569088,1213,SGI_EDITOR_5,2018-12-19,SGI_EDITOR_5,2018-12-19,1,3,OperaÃ§Ã£o,0.000265164945333,0.257189480617,CEARÃ,NORDESTE,23,"MULTIPOLYGON Z (((-37.26791744699998 -4.828209108999935 0, -37.29627546199994 -4.83418363499991 0, -37.29700228299995 -4.832001215999988 0, -37.26879840099995 -4.826425234999952 0, -37.26804030999993 -4.827268419999903 0, -37.268765731 -4.827415846999934 0, -37.26791744699998 -4.828209108999935 0)), ((-37.27519416199996 -4.82443370999993 0, -37.28550390099998 -4.82622939999991 0, -37.28625080799997 -4.824583370999967 0, -37.27580471399994 -4.82204694699989 0, -37.27012413699995 -4.82066757099998 0, -37.26996538199996 -4.821223793999906 0, -37.26956915499995 -4.822662550999929 0, -37.26932699199999 -4.823484990999944 0, -37.27519416199996 -4.82443370999993 0)), ((-37.28192874899994 -4.78606999999996 3.341000000000349, -37.29361546299995 -4.789237129999911 3.341000000000349, -37.2938897349999 -4.789123848999949 3.341000000000349, -37.293870623 -4.789017835999971 3.341000000000349, -37.29380963799994 -4.788679317999943 3.341000000000349, -37.2937330309999 -4.788238114999942 3.341000000000349, -37.28225406499995 -4.785122224999967 3.341000000000349, -37.27289023999169 -4.78276075301291 3.341000000000349, -37.2726509704061 -4.783634473892656 3.341000000000349, -37.28192874899994 -4.78606999999996 3.341000000000349)), ((-37.28572215199993 -4.780764696999938 0, -37.30085118399991 -4.784849661999978 0, -37.30155622399998 -4.783146358999907 0, -37.28575145899995 -4.778656680999958 0, -37.28572215199993 -4.780764696999938 0)), ((-37.28708263799996 -4.788926246999942 0, -37.28770218499997 -4.79105058399994 0, -37.29098276099998 -4.790110296999949 0, -37.29095247499996 -4.789943509999915 0, -37.28708263799996 -4.788926246999942 0)), ((-37.30224355099992 -4.785611666999962 0, -37.30397856799994 -4.795086255999898 0, -37.30492069599991 -4.796343004999969 0, -37.307207126 -4.79763274799992 0, -37.308107675 -4.797987647999975 0, -37.30907200499993 -4.798542578999971 0, -37.30847566499997 -4.789328574999928 0, -37.30941093099991 -4.787582828999987 0, -37.319937167 -4.790631386999983 0, -37.32066359899997 -4.788111941999979 0, -37.32066490999991 -4.788111944999983 0, -37.30179670399998 -4.782650860999944 0, -37.30160524599995 -4.783159157999904 0, -37.30105204300001 -4.784794899999973 0, -37.30220574199998 -4.785445186999958 0, -37.30224355099992 -4.785611666999962 0)))",2017,63
109,Ventos de Santa Angelina,2016-07-05,29.7,11,3880849.55,1225,SGI_EDITOR_5,2018-12-19,SGI_EDITOR_5,2018-12-19,1,3,OperaÃ§Ã£o,0.000317827219959,0.120418554783,CEARÃ,NORDESTE,23,"POLYGON Z ((-40.51662928631868 -7.311267605821968 0, -40.516638455 -7.311341868999964 0, -40.51692569999997 -7.312340777000014 0, -40.51695001199993 -7.312680347999954 0, -40.51699921499992 -7.314055161999931 0, -40.51849864899999 -7.318000830999992 0, -40.52189464320374 -7.31696346619762 0, -40.518229616 -7.313596621238617 0, -40.518229577 -7.313596585238613 0, -40.51662928631868 -7.311267605821968 0))",2016,64
112,Goiabeira,,23.1,11,3938600.0,234,SGI_EDITOR_5,2018-12-19,SGI_EDITOR_5,2018-12-19,1,2,ConstruÃ§Ã£o com Outorga,0.000321073843324,0.0770505230313,CEARÃ,NORDESTE,23,"POLYGON Z ((-37.71014117799998 -4.583942317999977 0, -37.70300134299995 -4.586696432999943 0, -37.70368703499994 -4.596098368999911 0, -37.70342869499996 -4.596109385999931 0, -37.70422802499994 -4.602921476999931 0, -37.71189378799995 -4.599970624999933 0, -37.72492852699995 -4.594952776999982 0, -37.72484685399993 -4.593488596999983 0, -37.72492077499992 -4.593380465999914 0, -37.72492659799995 -4.593299256999948 0, -37.72414458199991 -4.584703544999989 0, -37.71993812899994 -4.586326268999962 0, -37.71936325499999 -4.580384845999973 0, -37.71014117799998 -4.583942317999977 0))",,65
113,Pitombeira,,27.3,13,3101700.0,242,SGI_EDITOR_5,2018-12-19,SGI_EDITOR_5,2018-12-19,1,2,ConstruÃ§Ã£o com Outorga,0.000252836634061,0.0965653002777,CEARÃ,NORDESTE,23,"POLYGON Z ((-37.64385613399995 -4.625907385999938 0, -37.64396029799995 -4.626643530999914 0, -37.64625827099992 -4.624128555999924 0, -37.65102670299994 -4.608520614999932 0, -37.65122945599992 -4.608218751000003 0, -37.65679822799999 -4.59072191999995 0, -37.64707829899992 -4.586929266999938 0, -37.64866807399991 -4.594975846999937 0, -37.64539482999989 -4.596879417999965 0, -37.64530201299994 -4.596932719999934 0, -37.63940453199995 -4.600121957999932 0, -37.64299480499991 -4.608580794999938 0, -37.64374631899992 -4.609064348999979 0, -37.64672156399998 -4.620819881999993 0, -37.64657455699998 -4.621864298999988 0, -37.64385613399995 -4.625907385999938 0))",,66
114,Santa Catarina,,18.9,9,1479200.0,244,SGI_EDITOR_5,2018-12-19,SGI_EDITOR_5,2018-12-19,1,2,ConstruÃ§Ã£o com Outorga,0.00012058416273,0.0668990834493,CEARÃ,NORDESTE,23,"MULTIPOLYGON Z (((-37.674153943 -4.590262370999938 0, -37.67596018899997 -4.597000777999966 0, -37.68104744299998 -4.595038466999966 0, -37.67643464899997 -4.583296103999977 0, -37.67617496499998 -4.583277434999943 0, -37.674153943 -4.590262370999938 0)), ((-37.68333568299995 -4.604148176999999 0, -37.68882520799995 -4.606009710999921 0, -37.6908684969999 -4.602462488999969 0, -37.69213596399997 -4.599899280999985 0, -37.68862464399996 -4.592686107999931 0, -37.686106786 -4.593655559999938 0, -37.68333568299995 -4.604148176999999 0)))",,67
115,Ventos de Horizonte,,16.8,8,1971100.0,249,SGI_EDITOR_5,2018-12-19,SGI_EDITOR_5,2018-12-19,1,2,ConstruÃ§Ã£o com Outorga,0.000160830425699,0.0929757572185,CEARÃ,NORDESTE,23,"POLYGON Z ((-37.68492977599995 -4.616938419999912 0, -37.68765064199993 -4.617070143999975 0, -37.68839866599991 -4.617047125999939 0, -37.68807948299997 -4.618105495999934 0, -37.68825805599992 -4.62119615099995 0, -37.68726050799998 -4.624362590000018 0, -37.68701509499992 -4.625601112999995 0, -37.68749521599995 -4.626665665999973 0, -37.68750730299997 -4.627101318999955 0, -37.68185905399999 -4.643870942999968 0, -37.68433642499998 -4.644753721000001 0, -37.68610253 -4.639050622999925 0, -37.69008479499998 -4.626006850999907 0, -37.69144040099997 -4.621139520999968 0, -37.692849135 -4.617039398000011 0, -37.69625895999995 -4.606864628999958 0, -37.68878223699994 -4.606057047999933 0, -37.68492977599995 -4.616938419999912 0))",,68
116,Ubatuba,,12.6,6,880100.0,248,SGI_EDITOR_5,2018-12-19,SGI_EDITOR_5,2018-12-19,1,2,ConstruÃ§Ã£o com Outorga,7.17463151005e-05,0.0447875963811,CEARÃ,NORDESTE,23,"POLYGON Z ((-37.60517546199996 -4.663153240999961 0, -37.61009946199996 -4.663856393999964 0, -37.62163402699999 -4.651193097999979 0, -37.61770450399993 -4.649611529999952 0, -37.60517546199996 -4.663153240999961 0))",,69
117,Pedra Cheirosa,2017-06-27,25.2,12,2867706.40314,1275,SGI_EDITOR_5,2018-12-19,SGI_EDITOR_5,2018-12-19,1,3,OperaÃ§Ã£o,0.000233432760211,0.0956409636715,CEARÃ,NORDESTE,23,"POLYGON Z ((-39.73040979199991 -2.996040454000003 0, -39.7308959549999 -2.996684189999975 0, -39.73995433299995 -3.009431741999911 0, -39.74760818699996 -3.005389119999997 0, -39.74766810499995 -3.005345479999939 0, -39.74532600899996 -3.002405909999901 0, -39.74574136599995 -3.002402821000004 0, -39.74772247700001 -3.001954483999945 0, -39.74792111899992 -3.001897265000004 0, -39.74799146899997 -3.0018734249999 0, -39.74806308299994 -3.001856277999899 0, -39.74834431399994 -3.001775572999975 0, -39.7484575789999 -3.001742837999927 0, -39.74875526999993 -3.001653255999976 0, -39.74904720599992 -3.001569376999967 0, -39.74894749899993 -3.001031100999924 0, -39.74876106499996 -3.000118909999948 0, -39.75017568599995 -2.999737720999939 0, -39.750083972 -2.998780867999905 0, -39.75089941599997 -2.998571071999955 0, -39.75090014599994 -2.998570879999939 0, -39.75090018299994 -2.998570865999937 0, -39.7505766589999 -2.994459830999958 0, -39.74972473399994 -2.990532960999943 0, -39.74871766300002 -2.986327432999964 0, -39.747844769 -2.982807229999935 0, -39.74059479799992 -2.989460895999969 0, -39.74192635999996 -2.992147885999984 0, -39.74329000299999 -2.994398166999922 0, -39.74363193999995 -2.997301073999942 0, -39.74362222799994 -2.998708991999905 0, -39.74150216099994 -2.998660351999966 0, -39.74099996799996 -2.998648829999993 0, -39.74143002700001 -3.000822102999955 0, -39.74073583799996 -3.000687070999973 0, -39.73950005299994 -3.001127135999966 0, -39.73574067499992 -2.992795282999993 0, -39.73040979199991 -2.996040454000003 0))",2017,70
118,Pedra Cheirosa II,2017-06-27,23.1,11,2524003.60966,1276,SGI_EDITOR_5,2018-12-19,SGI_EDITOR_5,2018-12-19,1,3,OperaÃ§Ã£o,0.000205458113747,0.0817237013351,CEARÃ,NORDESTE,23,"POLYGON Z ((-39.74766810499995 -3.005345479999939 0, -39.74760818699996 -3.005389119999997 0, -39.73995433299995 -3.009431741999911 0, -39.7308959549999 -2.996684189999975 0, -39.73040979199991 -2.996040454000003 0, -39.728507613 -2.997198394999977 0, -39.72690170899991 -2.998175975999949 0, -39.72828351799993 -3.000997347999977 0, -39.72841595299997 -3.001267753999969 0, -39.7294939939999 -3.00228813699993 0, -39.73088480799996 -3.00388953399991 0, -39.73713508500001 -3.012894928000016 0, -39.738640964 -3.014969171999959 0, -39.74050648799989 -3.017510226999974 0, -39.75050338899997 -3.016300485999977 0, -39.752668849 -3.016051223999959 0, -39.7528930789999 -3.016025413999955 0, -39.75590155699995 -3.015679105999901 0, -39.74766810499995 -3.005345479999939 0))",2017,71
119,Itarema I,2016-04-01,27.0,9,2366583.61,845,SGI_EDITOR_5,2018-12-19,SGI_EDITOR_5,2018-12-19,1,3,OperaÃ§Ã£o,0.000192619204803,0.0920946101249,CEARÃ,NORDESTE,23,"MULTIPOLYGON Z (((-39.83992811799995 -2.924718465999938 0, -39.84010427599996 -2.925378754999947 0, -39.84066606099999 -2.926418543999915 0, -39.84101301199992 -2.92794982599996 0, -39.84180777899995 -2.930946735999946 0, -39.842208785 -2.932880863999927 0, -39.8421517859999 -2.932999342999963 0, -39.84223116599999 -2.933006369999923 0, -39.84381544099998 -2.933093722999956 0, -39.84444781699999 -2.933124453999923 0, -39.84454912499993 -2.93313006199994 0, -39.84508421199997 -2.933231375999974 0, -39.84511861699998 -2.93327940099995 0, -39.84553015300001 -2.933259034999956 0, -39.84580151699999 -2.933245584999909 0, -39.84582706199998 -2.933749720999963 0, -39.84616578999994 -2.93371755799997 0, -39.84638053699994 -2.933659374999948 0, -39.84624429999995 -2.927768472999965 0, -39.84580874199997 -2.927735177999963 0, -39.84617923699998 -2.926116672999989 0, -39.84661889799995 -2.926185882999938 0, -39.84669644499996 -2.926191971999998 0, -39.84740739899999 -2.926229667000008 0, -39.84741717699991 -2.927717716999943 0, -39.84783611399994 -2.932193188999961 0, -39.84796717099994 -2.932179031999944 0, -39.84843948399995 -2.93213600099994 0, -39.84851710999997 -2.933369895999888 0, -39.84877144399996 -2.933378219999959 0, -39.84878069399993 -2.933424790999901 0, -39.849043422 -2.933367507999961 0, -39.84902650799993 -2.933176940999914 0, -39.849176496 -2.93302688799993 0, -39.84941673899989 -2.932890225999905 0, -39.84945454199991 -2.932888469999938 0, -39.84945734899996 -2.93286810099994 0, -39.84961799800002 -2.932773831999953 0, -39.84946362099995 -2.929236828999954 0, -39.85038355899995 -2.928885886999964 0, -39.85039872099996 -2.932598990999963 0, -39.85164050999995 -2.932550939999899 0, -39.85180788699994 -2.932559680999908 0, -39.8518793869999 -2.928971837999967 0, -39.85188871199996 -2.92850391799989 0, -39.85313892100002 -2.928592000999984 0, -39.85325786399991 -2.928628376999974 0, -39.85336870199994 -2.928656609000001 0, -39.85522356300003 -2.928620172999914 0, -39.85596815899999 -2.928492809999945 0, -39.85515274699993 -2.925709428999951 0, -39.85510395499998 -2.924351029 0, -39.85296982699997 -2.924619553999925 0, -39.852927138 -2.924640720999903 0, -39.85278617399997 -2.92489103199992 0, -39.85094927099995 -2.919610394999979 0, -39.84884592 -2.914527385999961 0, -39.84698206299997 -2.915223163999975 0, -39.84549932599995 -2.916185359999922 0, -39.84403101199996 -2.916313756999976 0, -39.84269872399995 -2.916976085999977 0, -39.84075823746174 -2.917940729879774 0, -39.8385963288592 -2.919725177450012 0, -39.83952643299993 -2.923212317999933 0, -39.83992811799995 -2.924718465999938 0)), ((-39.86065847799993 -2.918921767999933 0, -39.86107796799992 -2.920633469999899 0, -39.86244247999993 -2.920531652000001 0, -39.86200628399999 -2.918631363999978 0, -39.86192600999992 -2.918269558999974 0, -39.86057384699995 -2.918564217999929 0, -39.86065847799993 -2.918921767999933 0)))",2016,72
120,Itarema II,2016-02-23,27.0,9,393716.53,838,SGI_EDITOR_5,2018-12-19,SGI_EDITOR_5,2018-12-19,1,3,OperaÃ§Ã£o,3.20449133184e-05,0.0562079632247,CEARÃ,NORDESTE,23,"MULTIPOLYGON Z (((-39.86107796799992 -2.920633469999899 0, -39.86138315499994 -2.921878759999991 0, -39.86260456900002 -2.921237785999985 0, -39.86244247999993 -2.920531652000001 0, -39.86107796799992 -2.920633469999899 0)), ((-39.86148335199997 -2.93472867299996 0, -39.86257603199996 -2.937983007999932 0, -39.86274114199995 -2.939825418999959 0, -39.86676163399999 -2.939433320999939 0, -39.86665411499997 -2.936922316999919 0, -39.86664444099997 -2.93637877699998 0, -39.86651815899991 -2.935662131999926 0, -39.8641939899999 -2.935864907999914 0, -39.86422183199998 -2.93417234799994 0, -39.86410428099994 -2.934195011999947 0, -39.86212184899995 -2.934613501999934 0, -39.86148335199997 -2.93472867299996 0)), ((-39.87250610300002 -2.914010772999937 0, -39.87299265999995 -2.916959214999999 0, -39.87327621399997 -2.916937110999946 0, -39.87521036299995 -2.928558039999928 0, -39.87587674599993 -2.928529901999994 0, -39.87400054799995 -2.917082894999929 0, -39.87386884199997 -2.916734340999959 0, -39.87341097300001 -2.913855167999941 0, -39.87250610300002 -2.914010772999937 0)))",2016,73
121,Itarema V,2016-01-01,21.0,7,2997425.61893351,837,SGI_EDITOR_5,2018-12-19,SGI_EDITOR_5,2018-12-19,1,3,OperaÃ§Ã£o,0.000243968377717,0.0845506317285,CEARÃ,NORDESTE,23,"POLYGON Z ((-39.88080353298471 -2.965823304737498 0, -39.87854200600001 -2.965954704999902 0, -39.88078052899995 -2.976188862999983 0, -39.88100962299999 -2.977242669999953 0, -39.88118868999997 -2.977355720999981 0, -39.88135459499993 -2.977339242999953 0, -39.88142240299995 -2.977414290999946 0, -39.88193388 -2.977507516999928 0, -39.88205581999996 -2.977535292000006 0, -39.88221447099993 -2.977536867999959 0, -39.88251455199998 -2.977277907999941 0, -39.88264462199991 -2.977262580999913 0, -39.88292457699998 -2.97708634699999 0, -39.88298071099992 -2.977014765000014 0, -39.88298005199995 -2.976937985999967 0, -39.88295726800002 -2.976800861999906 0, -39.88295536399995 -2.976576265999974 0, -39.88315779899992 -2.976299890999933 0, -39.88361387699999 -2.975953737999887 0, -39.88367878199995 -2.976168385999884 0, -39.88419504199994 -2.978663593999926 0, -39.88855046599998 -2.974069993999905 0, -39.88898615299996 -2.974504592999978 0, -39.88991474799997 -2.974301920999906 0, -39.89004374899999 -2.97363972499992 0, -39.89002718599995 -2.973637449999998 0, -39.88965557200002 -2.973707598999937 0, -39.89109330399996 -2.972098383999928 0, -39.89073435599992 -2.97287340299993 0, -39.89059544799998 -2.973268773999955 0, -39.89057700399997 -2.973635276999993 0, -39.89085350999993 -2.973725827999935 0, -39.89327293398322 -2.973114757600321 0, -39.88830769499996 -2.949338653999988 0, -39.8882478589999 -2.949140252999911 0, -39.88767710099992 -2.949392279999891 0, -39.88736432299989 -2.949494757999936 0, -39.88657139000001 -2.949699718000019 0, -39.88633192899991 -2.949749616999974 0, -39.88603822399995 -2.94979358399997 0, -39.88588893299994 -2.949813243999905 0, -39.88444041699999 -2.950122788999941 0, -39.88414761699993 -2.950196427999991 0, -39.88317876299996 -2.950399543999922 0, -39.88319125699993 -2.950413534999925 0, -39.88194265899992 -2.952758752999991 0, -39.88181858199995 -2.952991127999944 0, -39.88189886199994 -2.953016363999993 0, -39.88185908499993 -2.953083974999991 0, -39.88424052199997 -2.963946974999963 0, -39.88074812099993 -2.964737196999977 0, -39.88098552999995 -2.965812729999882 0, -39.88080353298471 -2.965823304737498 0))",2016,74
123,Itarema IV,2016-07-27,21.0,7,776909.763232,722,SGI_EDITOR_5,2018-12-19,SGI_EDITOR_5,2018-12-19,1,3,OperaÃ§Ã£o,6.32342385032e-05,0.0486321820761,CEARÃ,NORDESTE,23,"MULTIPOLYGON Z (((-39.86509909099991 -2.954754874999949 0, -39.86527351999996 -2.954761611999977 0, -39.86703436699999 -2.95470155999989 0, -39.86746391000001 -2.95129259899992 0, -39.86740681199998 -2.950680817000013 0, -39.86721652599996 -2.950056292999946 0, -39.86676163399999 -2.939433320999939 0, -39.86274114199995 -2.939825418999959 0, -39.862880193 -2.941377023999998 0, -39.86407291399992 -2.954683566 0, -39.86509909099991 -2.954754874999949 0)), ((-39.87461181199998 -2.951997360999968 0, -39.87481632399994 -2.95422971999993 0, -39.87603426699999 -2.954002522999964 0, -39.87836818399992 -2.953026814999966 0, -39.87806734499999 -2.95122831099993 0, -39.87461181199998 -2.951997360999968 0)))",2016,75
124,Itarema IX,2016-07-29,30.0,10,1137511.323866,646,SGI_EDITOR_5,2018-12-19,SGI_EDITOR_5,2018-12-19,1,3,OperaÃ§Ã£o,9.2583604129e-05,0.0631322278085,CEARÃ,NORDESTE,23,"MULTIPOLYGON Z (((-39.898234346 -2.953869437999963 0, -39.90000940299996 -2.962142930999995 0, -39.90344320899995 -2.958532715999979 0, -39.90100781999997 -2.946791960999946 0, -39.90100484699999 -2.946779944999932 0, -39.90025209599997 -2.946950733999941 0, -39.89980852399995 -2.947051716999944 0, -39.89918337999992 -2.947174021999942 0, -39.89906087999999 -2.947210997999981 0, -39.89874615999998 -2.947280249999935 0, -39.89809429199995 -2.947426162999932 0, -39.89792605099998 -2.947454797999988 0, -39.89777307999994 -2.947485091000011 0, -39.89761452899996 -2.947514611999964 0, -39.89756879799991 -2.94752637699996 0, -39.89752933899993 -2.947536875999944 0, -39.89733778499989 -2.947585033999928 0, -39.89716165499997 -2.947662002999905 0, -39.89694139799995 -2.947791624999972 0, -39.89694742300001 -2.947908624999968 0, -39.898234346 -2.953869437999963 0)), ((-39.90087251499997 -2.969432857999919 0, -39.9009446329999 -2.969778494999915 0, -39.90561530099999 -2.968771745999931 0, -39.90357489499992 -2.959159981000013 0, -39.90012970499997 -2.962782184999952 0, -39.90055115899993 -2.964792716999952 0, -39.90085396799994 -2.966263720999983 0, -39.90023418999991 -2.966373820999941 0, -39.90087251499997 -2.969432857999919 0)))",2016,76
125,Itarema VII,2016-07-27,21.0,7,791815.98814288,444,SGI_EDITOR_5,2018-12-19,SGI_EDITOR_5,2018-12-19,1,3,OperaÃ§Ã£o,6.44477411385e-05,0.0424766166999,CEARÃ,NORDESTE,23,"POLYGON Z ((-39.87481632399994 -2.95422971999993 0, -39.87482413899997 -2.954315024999971 0, -39.87482600099995 -2.95431960699991 0, -39.87487473099998 -2.954439541999974 0, -39.87506861599994 -2.956709402999934 0, -39.87695673299994 -2.956469342999966 0, -39.87695087599999 -2.95664184399994 0, -39.87891090199998 -2.965624341999927 0, -39.87848938599992 -2.965714133999896 0, -39.87854200600001 -2.965954704999902 0, -39.88080353298471 -2.965823304737498 0, -39.88053357199995 -2.964600296999926 0, -39.88402622599992 -2.963810017999911 0, -39.88172483799993 -2.95331216099995 0, -39.88079010799994 -2.954900967999961 0, -39.88014676399992 -2.955106041999962 0, -39.87983805099995 -2.953628869999953 0, -39.87918316499994 -2.953887334999934 0, -39.87913954599998 -2.953651023999925 0, -39.87898364099996 -2.953686004999973 0, -39.87854600999999 -2.953761636999928 0, -39.87839325999996 -2.953661752999921 0, -39.87845569499997 -2.953549974999909 0, -39.87836818399992 -2.953026814999966 0, -39.87603426699999 -2.954002522999964 0, -39.87481632399994 -2.95422971999993 0))",2016,77
126,Itarema VIII,2016-07-27,21.0,7,860654.07703771,445,SGI_EDITOR_5,2018-12-19,SGI_EDITOR_5,2018-12-19,1,3,OperaÃ§Ã£o,7.00517131662e-05,0.0540021421744,CEARÃ,NORDESTE,23,"POLYGON Z ((-39.89085350999993 -2.973725827999935 0, -39.89109441699996 -2.973804720999979 0, -39.89061534199994 -2.973868346999915 0, -39.89175213599994 -2.978132372999937 0, -39.89231999599994 -2.980956742999951 0, -39.895994006 -2.997289455999962 0, -39.8986979979999 -2.996348320999985 0, -39.89495938299992 -2.978803706999976 0, -39.89327293398322 -2.973114757600321 0, -39.89085350999993 -2.973725827999935 0))",2016,78
